"geneSet","motif","NES","AUC","TF_highConf","TF_lowConf"
"DC_Gen3_Module","taipale_cyt_meth__SNAI3_NRCAGGTGCR_FL_meth",6.15,0.165,"SNAI3 (directAnnotation). ","SNAI1; SNAI2; TCF4 (inferredBy_MotifSimilarity). TCF3 (inferredBy_MotifSimilarity_n_Orthology). "
"DC_Gen3_Module","cisbp__M6155",5.74,0.155,"ATF6 (directAnnotation). ",""
"DC_Gen3_Module","taipale_tf_pairs__ELK1_SREBF2_RWCACGTGNNCGGAANN_CAP_repr",5.46,0.148,"ELK1; SREBF2 (directAnnotation). ",""
"DC_Gen3_Module","taipale_cyt_meth__SNAI3_NRCAGGTGCR_FL",5.32,0.145,"SNAI3 (directAnnotation). ","SNAI1; SNAI2 (inferredBy_MotifSimilarity). TCF3 (inferredBy_MotifSimilarity_n_Orthology). "
"DC_Gen3_Module","jaspar__MA0163.1",5.02,0.138,"PLAG1 (directAnnotation). ",""
"DC_Gen3_Module","taipale_cyt_meth__SNAI2_NRCAGGTGCR_eDBD_meth",5.02,0.138,"SNAI2 (directAnnotation). ","SNAI1; SNAI3; TCF4 (inferredBy_MotifSimilarity). TCF3 (inferredBy_MotifSimilarity_n_Orthology). "
"DC_Gen3_Module","predrem__nrMotif796",5.02,0.137,"",""
"DC_Gen3_Module","cisbp__M1745",5.01,0.137,"",""
"DC_Gen3_Module","taipale_cyt_meth__SNAI2_NRCAGGTGCR_FL_meth",4.99,0.137,"SNAI2 (directAnnotation). ","SNAI1; SNAI3; TCF4 (inferredBy_MotifSimilarity). TCF3 (inferredBy_MotifSimilarity_n_Orthology). "
"DC_Gen3_Module","swissregulon__sacCer__RTG3",4.9,0.135,"","ARNT2; ARNTL; BHLHE40; BHLHE41; CLOCK; MLX (inferredBy_MotifSimilarity). ARNT; ARNTL2; TFE3; TFEB (inferredBy_MotifSimilarity_n_Orthology). "
"DC_Gen3_Module","cisbp__M4680",4.87,0.134,"BACH1 (directAnnotation). ","ARNT; ARNT2; ARNTL; ATF3; BHLHE40; BHLHE41; CLOCK; MAX; MITF; NFE2; SREBF1; SREBF2; TFE3; TFEB; TFEC; USF1; USF2 (inferredBy_MotifSimilarity). ARNTL2; NPAS2 (inferredBy_MotifSimilarity_n_Orthology). "
"DC_Gen3_Module","taipale_cyt_meth__SNAI1_NRCAGGTGCR_FL_meth",4.8,0.132,"SNAI1 (directAnnotation). ","SNAI2; SNAI3; TCF4 (inferredBy_MotifSimilarity). TCF3 (inferredBy_MotifSimilarity_n_Orthology). "
"DC_Gen3_Module","stark__GCAGSTGK",4.79,0.132,"ASCL1; ASCL2 (inferredBy_Orthology). ","MYF6; TCF12; TCF3; TCF4 (inferredBy_MotifSimilarity). "
"DC_Gen3_Module","transfac_pro__M01048",4.71,0.13,"",""
"DC_Gen3_Module","fantom__motif24_AGAACT",4.7,0.13,"",""
"DC_Gen3_Module","cisbp__M4683",4.66,0.129,"ATF3 (directAnnotation). ","ARNT2; ARNTL; BACH1; BHLHE40; BHLHE41; CLOCK; MITF; NFE2; SREBF1; SREBF2; TFE3; TFEB; USF1; USF2 (inferredBy_MotifSimilarity). ARNT; ARNTL2 (inferredBy_MotifSimilarity_n_Orthology). "
"DC_Gen3_Module","elemento__CACGTGA",4.63,0.128,"","ARNT; ARNT2; ARNTL; ATF3; BACH1; BHLHE40; BHLHE41; CLOCK; MITF; MLX; MLXIPL; NFE2; SREBF1; SREBF2; TFE3; TFEB; USF1; USF2 (inferredBy_MotifSimilarity). ARNTL2; TFEC (inferredBy_MotifSimilarity_n_Orthology). "
"DC_Gen3_Module","cisbp__M6531",4.57,0.127,"USF2 (directAnnotation). ","ARNT; ARNT2; ATF3; BACH1; BHLHE40; MAX; MXI1; MYC; NFE2; SREBF1; SREBF2; TFE3; TFEB; USF1 (inferredBy_MotifSimilarity). ARNTL (inferredBy_MotifSimilarity_n_Orthology). "
"DC_Gen3_Module","transfac_pro__M07696",4.57,0.127,"DMRTA1; DMRTA2 (inferredBy_Orthology). ","DMRT1 (inferredBy_MotifSimilarity). "
"DC_Gen3_Module","dbcorrdb__USF2__ENCSR000ECD_1__m1",4.56,0.127,"USF2 (directAnnotation). ","ARNT; ARNT2; ARNTL; ATF3; BACH1; BHLHE40; BHLHE41; E2F6; MAX; MITF; MXI1; MYC; NFE2; SIN3A; SMARCC2; SP4; SREBF1; SREBF2; TFE3; TFEB; TFEC; USF1 (inferredBy_MotifSimilarity). ARNTL2; HELT; MLX (inferredBy_MotifSimilarity_n_Orthology). "
"DC_Gen3_Module","taipale_tf_pairs__FLI1_FOXI1_RCCGGATGTTKWY_CAP",4.55,0.126,"FLI1; FOXI1 (directAnnotation). ",""
"DC_Gen3_Module","dbcorrdb__USF1__ENCSR000BJB_1__m1",4.55,0.126,"USF1 (directAnnotation). ","ARNT; ARNT2; ARNTL; ATF3; BACH1; BHLHE40; BHLHE41; E2F6; MAX; MITF; MXI1; MYC; NFE2; SMARCC2; SP4; SREBF1; SREBF2; TFE3; TFEB; USF2 (inferredBy_MotifSimilarity). ARNTL2; HELT; MLX; TFEC (inferredBy_MotifSimilarity_n_Orthology). "
"DC_Gen3_Module","cisbp__M5107",4.53,0.126,"MLXIP; MLXIPL (inferredBy_Orthology). ","MITF; MLX; TFE3; TFEB; TFEC (inferredBy_MotifSimilarity_n_Orthology). "
"DC_Gen3_Module","dbcorrdb__USF2__ENCSR000DZU_1__m1",4.51,0.125,"USF2 (directAnnotation). ","ARNT; ARNT2; ARNTL; ASCL1; ATF3; BACH1; BHLHE40; BHLHE41; CREB1; E2F6; HAND1; HAND2; MAX; MITF; MXD1; MXD3; MXD4; MXI1; MYC; MYCN; MYF5; MYF6; MYOD1; MYOG; NFE2; NHLH1; SAP30; SIN3A; SMARCC2; SP4; SREBF1; SREBF2; TAL1; TAL2; TCF12; TCF3; TCF4; TFE3; TFEB; TFF3; USF1 (inferredBy_MotifSimilarity). ARNTL2; TFEC (inferredBy_MotifSimilarity_n_Orthology). "
"DC_Gen3_Module","jaspar__MA0360.1",4.5,0.125,"",""
"DC_Gen3_Module","dbcorrdb__USF1__ENCSR000BMF_1__m1",4.47,0.124,"USF1 (directAnnotation). ","ARNT; ARNT2; ARNTL; ATF3; BACH1; BHLHE40; BHLHE41; E2F6; MAX; MITF; MXI1; MYC; NFE2; SMARCC2; SP4; SREBF1; SREBF2; TFE3; TFEB; USF2 (inferredBy_MotifSimilarity). ARNTL2; HELT; MLX; TFEC (inferredBy_MotifSimilarity_n_Orthology). "
"DC_Gen3_Module","transfac_pro__M01912",4.47,0.124,"",""
"DC_Gen3_Module","elemento__CACGTGAC",4.46,0.124,"","ARNT2; ARNTL; ATF3; BACH1; BHLHE40; BHLHE41; CLOCK; MITF; NFE2; SREBF1; SREBF2; TFE3; TFEB; TFEC; USF1; USF2 (inferredBy_MotifSimilarity). ARNT; ARNTL2; HELT (inferredBy_MotifSimilarity_n_Orthology). "
"DC_Gen3_Module","hocomoco__ASCL1_HUMAN.H11MO.0.A",4.44,0.123,"ASCL1 (directAnnotation). ","MYOG; SNAI1; SNAI2 (inferredBy_MotifSimilarity). MYOD1; SNAI3 (inferredBy_MotifSimilarity_n_Orthology). "
"DC_Gen3_Module","dbcorrdb__USF1__ENCSR000BPV_1__m1",4.42,0.123,"USF1 (directAnnotation). ","ARNT; ARNT2; ARNTL; ATF3; BACH1; BHLHE40; BHLHE41; E2F6; MAX; MITF; MXI1; MYC; NFE2; SMARCC2; SP4; SREBF1; SREBF2; TFE3; TFEB; TFEC; USF2 (inferredBy_MotifSimilarity). ARNTL2; HELT; MLX (inferredBy_MotifSimilarity_n_Orthology). "
"DC_Gen3_Module","jaspar__MA0610.1",4.42,0.123,"DMRT3 (directAnnotation). ","DMRT1; DMRT2; DMRTA1; DMRTA2; DMRTC2 (inferredBy_MotifSimilarity). "
"DC_Gen3_Module","cisbp__M0629",4.41,0.123,"DMRT3 (directAnnotation). ","DMRT1; DMRT2; DMRTA1; DMRTA2; DMRTC2 (inferredBy_MotifSimilarity). "
"DC_Gen3_Module","dbcorrdb__MYC__ENCSR000DLI_1__m3",4.38,0.122,"MYC (directAnnotation). ",""
"DC_Gen3_Module","elemento__CAGGTGA",4.34,0.121,"",""
"DC_Gen3_Module","predrem__nrMotif125",4.34,0.121,"",""
"DC_Gen3_Module","taipale_cyt_meth__SNAI1_NRCAGGTGCR_FL_repr",4.3,0.12,"SNAI1 (directAnnotation). ","SNAI2; SNAI3 (inferredBy_MotifSimilarity). TCF3 (inferredBy_MotifSimilarity_n_Orthology). "
"DC_Gen3_Module","cisbp__M0247",4.29,0.12,"","TFE3; USF1 (inferredBy_MotifSimilarity). "
"DC_Gen3_Module","flyfactorsurvey__Mio_bigmax_SANGER_5_FBgn0032940",4.27,0.119,"MLXIP; MLXIPL (inferredBy_Orthology). ","MITF; MLX; TFE3; TFEB; TFEC (inferredBy_MotifSimilarity_n_Orthology). "
"DC_Gen3_Module","yetfasco__YOR344C_397",4.19,0.118,"","ARNT; MLX; MLXIPL; SREBF1; SREBF2; TFE3; TFEB; TFEC; USF1 (inferredBy_MotifSimilarity). "
"DC_Gen3_Module","taipale_cyt_meth__SNAI2_NRCAGGTGCA_FL",4.19,0.118,"SNAI2 (directAnnotation). ","SNAI1; SNAI3 (inferredBy_MotifSimilarity). "
"DC_Gen3_Module","scertf__spivak.CRZ1",4.14,0.116,"ZNF112; ZNF155; ZNF214; ZNF221; ZNF222; ZNF223; ZNF224; ZNF226; ZNF227; ZNF230; ZNF233; ZNF234; ZNF235; ZNF239; ZNF284; ZNF285; ZNF664 (inferredBy_Orthology). ",""
"DC_Gen3_Module","neph__UW.Motif.0327",4.13,0.116,"",""
"DC_Gen3_Module","flyfactorsurvey__esg-F3-5_SOLEXA_FBgn0001981",4.13,0.116,"SNAI1; SNAI2; SNAI3 (inferredBy_Orthology). ",""
"DC_Gen3_Module","cisbp__M4110",4.09,0.115,"YY1 (directAnnotation). ","TAF1; THAP1 (inferredBy_MotifSimilarity). TAF1L (inferredBy_MotifSimilarity_n_Orthology). "
"DC_Gen3_Module","dbcorrdb__USF2__ENCSR000ECW_1__m1",4.08,0.115,"USF2 (directAnnotation). ","ATF3; BACH1; BHLHE40; MAX; MITF; NFE2; TFE3; TFEB; USF1 (inferredBy_MotifSimilarity). TFEC (inferredBy_MotifSimilarity_n_Orthology). "
"DC_Gen3_Module","transfac_pro__M01954",4.08,0.115,"","ARNT; ARNT2; ARNTL; ATF3; BACH1; BHLHE40; BHLHE41; CLOCK; MITF; MLX; MLXIPL; NFE2; SREBF1; SREBF2; TFE3; TFEB; USF1; USF2 (inferredBy_MotifSimilarity). ARNTL2; TFEC (inferredBy_MotifSimilarity_n_Orthology). "
"DC_Gen3_Module","transfac_pro__M04673",4.08,0.115,"",""
"DC_Gen3_Module","jaspar__MA0409.1",4.07,0.115,"","ARNT; ARNT2; ARNTL; ATF3; BACH1; BHLHE40; BHLHE41; CLOCK; MITF; MLX; MLXIPL; NFE2; SREBF1; SREBF2; TFE3; TFEB; USF1; USF2 (inferredBy_MotifSimilarity). ARNTL2; TFEC (inferredBy_MotifSimilarity_n_Orthology). "
"DC_Gen3_Module","yetfasco__YBR066C_1383",4.06,0.115,"",""
"DC_Gen3_Module","cisbp__M5111",4.06,0.114,"MITF; TFE3; TFEB; TFEC (inferredBy_Orthology). ","ARNT; BACH1; BHLHE40; BHLHE41; NFE2; SREBF1; SREBF2; USF1; USF2 (inferredBy_MotifSimilarity). "
"DC_Gen3_Module","transfac_pro__M05333",4.06,0.114,"EGR3 (inferredBy_Orthology). ","EGR1; EGR2; EGR4; KLF1 (inferredBy_MotifSimilarity). WT1 (inferredBy_MotifSimilarity_n_Orthology). "
"DC_Gen3_Module","transfac_pro__M06435",4.04,0.114,"ZNF429 (directAnnotation). ",""
"DC_Gen3_Module","elemento__ACGTGAC",4.04,0.114,"","ATF3 (inferredBy_MotifSimilarity). "
"DC_Gen3_Module","predrem__nrMotif2196",4.03,0.114,"",""
"DC_Gen3_Module","hocomoco__ATF6A_HUMAN.H11MO.0.B",4.02,0.114,"ATF6 (directAnnotation). ",""
"DC_Gen3_Module","cisbp__M0245",4.02,0.114,"","ARNT; ARNT2; ARNTL; ATF3; BACH1; BHLHE40; BHLHE41; CLOCK; MAX; MITF; NFE2; SREBF1; SREBF2; TFE3; TFEB; TFEC; USF1; USF2 (inferredBy_MotifSimilarity). ARNTL2; NPAS2 (inferredBy_MotifSimilarity_n_Orthology). "
"DC_Gen3_Module","idmmpmm__ovo",4.02,0.113,"OVOL1; OVOL2; OVOL3 (inferredBy_Orthology). ",""
"DC_Gen3_Module","homer__RTCATGTGAC_MITF",4.01,0.113,"MITF (inferredBy_Orthology). ","ARNTL; BHLHE40; BHLHE41; NFE2; SREBF1; SREBF2; TFE3; TFEB; TFEC; USF1; USF2 (inferredBy_MotifSimilarity). ARNTL2 (inferredBy_MotifSimilarity_n_Orthology). "
"DC_Gen3_Module","cisbp__M0193",4.01,0.113,"TFEB (inferredBy_Orthology). ","ARNT; ARNT2; ARNTL; ATF3; BACH1; BHLHE40; BHLHE41; CLOCK; MAX; MITF; NFE2; SREBF1; SREBF2; TFE3; TFEC; USF1; USF2 (inferredBy_MotifSimilarity). ARNTL2; HELT; NPAS2 (inferredBy_MotifSimilarity_n_Orthology). "
"DC_Gen3_Module","flyfactorsurvey__Mitf_SANGER_5_FBgn0263112",4,0.113,"MITF; TFE3; TFEB; TFEC (inferredBy_Orthology). ","ARNT; BACH1; BHLHE40; BHLHE41; NFE2; SREBF1; SREBF2; USF1; USF2 (inferredBy_MotifSimilarity). MLX; MLXIP; MLXIPL (inferredBy_MotifSimilarity_n_Orthology). "
"DC_Gen3_Module","taipale_cyt_meth__SNAI1_NRCAGGTGYR_eDBD_meth",3.99,0.113,"SNAI1 (directAnnotation). ","ASCL1; SNAI2; SNAI3; TCF4 (inferredBy_MotifSimilarity). TCF3 (inferredBy_MotifSimilarity_n_Orthology). "
"DC_Gen3_Module","flyfactorsurvey__net_da_SANGER_10_FBgn0000413",3.99,0.113,"","SCRT1 (inferredBy_MotifSimilarity). ATOH8; SCRT2; TCF12; TCF3; TCF4 (inferredBy_MotifSimilarity_n_Orthology). "
"DC_Gen3_Module","idmmpmm__sna",3.97,0.112,"SNAI1; SNAI2; SNAI3 (inferredBy_Orthology). ",""
"DC_Gen3_Module","predrem__nrMotif835",3.97,0.112,"",""
"DC_Gen3_Module","cisbp__M6288",3.94,0.112,"TCF12 (directAnnotation). ","ASCL2; MYF6 (inferredBy_MotifSimilarity). ASCL1 (inferredBy_MotifSimilarity_n_Orthology). "
"DC_Gen3_Module","flyfactorsurvey__HLH4C_da_SANGER_5_3_FBgn0000413",3.91,0.111,"","NHLH1; NHLH2; TCF12; TCF3; TCF4 (inferredBy_MotifSimilarity_n_Orthology). "
"DC_Gen3_Module","jaspar__MA0324.1",3.9,0.111,"",""
"DC_Gen3_Module","swissregulon__hs__MYBL2.p2",3.89,0.11,"MYBL2 (directAnnotation). ",""
"DC_Gen3_Module","scertf__macisaac.CBF1",3.88,0.11,"","ARNT; ARNT2; ARNTL; ATF3; BACH1; BHLHE40; BHLHE41; CLOCK; MITF; NFE2; SREBF1; SREBF2; TFE3; TFEB; TFEC; USF1; USF2 (inferredBy_MotifSimilarity). ARNTL2; NPAS2 (inferredBy_MotifSimilarity_n_Orthology). "
"DC_Gen3_Module","predrem__nrMotif2443",3.88,0.11,"",""
"DC_Gen3_Module","transfac_pro__M01629",3.87,0.11,"",""
"DC_Gen3_Module","dbcorrdb__USF1__ENCSR000BKT_1__m1",3.87,0.11,"USF1 (directAnnotation). ","ARNT; ARNT2; ARNTL; ATF1; ATF3; BACH1; BHLHE40; BHLHE41; E2F6; MAX; MITF; MXI1; MYC; NFE2; SREBF1; SREBF2; TFE3; TFEB; USF2 (inferredBy_MotifSimilarity). ARNTL2; HELT; MLX; TFEC (inferredBy_MotifSimilarity_n_Orthology). "
"DC_Gen3_Module","cisbp__M0246",3.87,0.11,"","ARNT; ATF3; BACH1; BHLHE40; CLOCK; MAX; MITF; NFE2; SREBF1; SREBF2; TFE3; TFEB; TFEC; USF1; USF2 (inferredBy_MotifSimilarity). ARNTL; HELT (inferredBy_MotifSimilarity_n_Orthology). "
"DC_Gen3_Module","transfac_pro__M06710",3.86,0.11,"ZNF355P (directAnnotation). ",""
"DC_Gen3_Module","cisbp__M5210",3.85,0.11,"SP6; SP7; SP8; SP9 (inferredBy_Orthology). ","FOS; IRF1; KLF12; KLF13; KLF14; KLF15; KLF16; KLF2; KLF3; KLF4; KLF5; KLF6; KLF9; NFYA; NFYB; PBX3; SP1; SP2; SP3; SP4; STAT1 (inferredBy_MotifSimilarity). E2F4; KLF10; KLF11; KLF17; KLF18; KLF7; KLF8 (inferredBy_MotifSimilarity_n_Orthology). "
"DC_Gen3_Module","transfac_pro__M02779",3.85,0.11,"MYB (inferredBy_Orthology). ","MYBL1 (inferredBy_MotifSimilarity_n_Orthology). "
"DC_Gen3_Module","predrem__nrMotif1113",3.85,0.109,"",""
"DC_Gen3_Module","transfac_pro__M08978",3.84,0.109,"TFE3 (directAnnotation). ","ARNT; ARNT2; ARNTL; ATF3; BACH1; BHLHE40; BHLHE41; CLOCK; MAX; MITF; MLX; MLXIPL; MXI1; NFE2; SREBF1; SREBF2; TFEB; TFEC; USF1; USF2 (inferredBy_MotifSimilarity). ARNTL2; HELT; NPAS2 (inferredBy_MotifSimilarity_n_Orthology). "
"DC_Gen3_Module","taipale_cyt_meth__USF2_MNCAYGTGAYN_eDBD_meth_repr",3.83,0.109,"USF2 (directAnnotation). ","TFEB; TFEC; USF1 (inferredBy_MotifSimilarity). "
"DC_Gen3_Module","predrem__nrMotif1056",3.82,0.109,"","SREBF2 (inferredBy_MotifSimilarity). "
"DC_Gen3_Module","transfac_pro__M07067",3.82,0.109,"USF1; USF2 (directAnnotation). ","ASCL1; ATF3; BACH1; BHLHE40; BHLHE41; E2F6; HAND1; HAND2; MAX; MITF; MXD1; MXD3; MXD4; MXI1; MYC; MYCN; MYF5; MYF6; MYOD1; MYOG; NFE2; NHLH1; TAL1; TAL2; TCF12; TCF3; TCF4; TFE3; TFEB; TFF3 (inferredBy_MotifSimilarity). TFEC (inferredBy_MotifSimilarity_n_Orthology). "
"DC_Gen3_Module","cisbp__M1710",3.81,0.108,"",""
"DC_Gen3_Module","hocomoco__ASCL2_HUMAN.H11MO.0.D",3.8,0.108,"ASCL2 (directAnnotation). ","MYF6; PTF1A; TCF12 (inferredBy_MotifSimilarity). ASCL1 (inferredBy_MotifSimilarity_n_Orthology). "
"DC_Gen3_Module","dbcorrdb__USF1__ENCSR000BGM_1__m1",3.79,0.108,"USF1 (directAnnotation). ","ARNT; ARNT2; ARNTL; ASCL1; ATF1; ATF3; BACH1; BHLHE40; BHLHE41; E2F6; HAND1; HAND2; MAX; MITF; MXD1; MXD3; MXD4; MXI1; MYC; MYCN; MYF5; MYF6; MYOD1; MYOG; NFE2; NHLH1; SP4; SREBF1; SREBF2; TAL1; TAL2; TCF12; TCF3; TCF4; TFE3; TFEB; TFF3; USF2; ZEB1 (inferredBy_MotifSimilarity). ARNTL2; CLOCK; HELT; TFEC (inferredBy_MotifSimilarity_n_Orthology). "
"DC_Gen3_Module","swissregulon__sacCer__HAP1",3.79,0.108,"",""
"DC_Gen3_Module","cisbp__M1886",3.79,0.108,"",""
"DC_Gen3_Module","dbcorrdb__KDM5B__ENCSR000AQA_1__m2",3.79,0.108,"KDM5B (directAnnotation). ","KDM5A; TAF1; YY1 (inferredBy_MotifSimilarity). "
"DC_Gen3_Module","jaspar__MA0054.1",3.78,0.108,"",""
"DC_Gen3_Module","neph__UW.Motif.0090",3.77,0.108,"",""
"DC_Gen3_Module","flyfactorsurvey__Usf_SANGER_5_FBgn0029711",3.76,0.107,"USF1; USF2 (inferredBy_Orthology). ","MAX; MXI1; TFE3; TFEB (inferredBy_MotifSimilarity). "
"DC_Gen3_Module","homer__NTNATGCAAYMNNHTGMAAY_CEBP_CEBP",3.75,0.107,"",""
"DC_Gen3_Module","cisbp__M2576",3.75,0.107,"OVOL1; OVOL2; OVOL3 (inferredBy_Orthology). ",""
"DC_Gen3_Module","predrem__nrMotif1125",3.73,0.107,"",""
"DC_Gen3_Module","elemento__CGGAGCC",3.72,0.106,"",""
"DC_Gen3_Module","flyfactorsurvey__sna_SOLEXA_5_FBgn0003448",3.72,0.106,"SNAI1; SNAI2; SNAI3 (inferredBy_Orthology). ",""
"DC_Gen3_Module","predrem__nrMotif680",3.71,0.106,"",""
"DC_Gen3_Module","taipale_cyt_meth__MLX_YNCACGTGMYN_FL",3.7,0.106,"MLX (directAnnotation). ","TFE3; TFEB (inferredBy_MotifSimilarity). "
"DC_Gen3_Module","transfac_public__M00218",3.7,0.106,"",""
"DC_Gen3_Module","cisbp__M6518",3.7,0.106,"TFEB (directAnnotation). ","ARNT; ARNTL; ATF3; BACH1; BHLHE40; CLOCK; MAX; MITF; MXI1; TFE3; TFEC; USF1; USF2 (inferredBy_MotifSimilarity). HELT (inferredBy_MotifSimilarity_n_Orthology). "
"DC_Gen3_Module","cisbp__M0777",3.69,0.105,"",""
"DC_Gen3_Module","cisbp__M4965",3.68,0.105,"TCF12; TCF3; TCF4 (inferredBy_Orthology). ","PTF1A (inferredBy_MotifSimilarity_n_Orthology). "
"DC_Gen3_Module","transfac_pro__M09033",3.68,0.105,"","TAF1 (inferredBy_MotifSimilarity). "
"DC_Gen3_Module","transfac_public__M00461",3.67,0.105,"OVOL1; OVOL2; OVOL3 (inferredBy_Orthology). ",""
"DC_Gen3_Module","cisbp__M4346",3.67,0.105,"",""
"DC_Gen3_Module","cisbp__M2329",3.67,0.105,"SMAD1; SMAD5; SMAD9 (inferredBy_Orthology). ",""
"DC_Gen3_Module","jaspar__MA0535.1",3.67,0.105,"SMAD1; SMAD5; SMAD9 (inferredBy_Orthology). ",""
"DC_Gen3_Module","homer__CCGGTCACGTGA_E-box",3.67,0.105,"","ATF3; BACH1; BHLHE40; MAX; MITF; NFE2; SREBF1; SREBF2; TFE3; USF1; USF2 (inferredBy_MotifSimilarity). TFEB (inferredBy_MotifSimilarity_n_Orthology). "
"DC_Gen3_Module","dbcorrdb__USF1__ENCSR000BGI_1__m1",3.67,0.105,"USF1 (directAnnotation). ","ARNT; ARNT2; ARNTL; ASCL1; ATF1; ATF3; BACH1; BHLHE40; BHLHE41; E2F6; ESRRA; EZH2; HAND1; HAND2; MAX; MITF; MXD1; MXD3; MXD4; MXI1; MYC; MYCN; MYF5; MYF6; MYOD1; MYOG; NFE2; NHLH1; SAP30; SP4; SREBF1; SREBF2; STAT1; TAL1; TAL2; TCF12; TCF3; TCF4; TFE3; TFEB; TFF3; USF2; ZEB1 (inferredBy_MotifSimilarity). ARNTL2; TFEC (inferredBy_MotifSimilarity_n_Orthology). "
"DC_Gen3_Module","flyfactorsurvey__tgo_cyc_SANGER_5_FBgn0015014",3.66,0.105,"ARNT; ARNT2 (inferredBy_Orthology). ","ARNTL; ATF3; BACH1; BHLHE40; BHLHE41; CLOCK; MLX; NFE2; SREBF1; SREBF2; TFE3; TFEB; USF2 (inferredBy_MotifSimilarity). ARNTL2 (inferredBy_MotifSimilarity_n_Orthology). "
"DC_Gen3_Module","transfac_pro__M09035",3.66,0.105,"",""
"DC_Gen3_Module","cisbp__M2838",3.65,0.105,"",""
"DC_Gen3_Module","dbcorrdb__USF2__ENCSR000EHG_1__m1",3.65,0.105,"USF2 (directAnnotation). ","ARNT; ARNT2; ARNTL; ATF1; ATF3; BACH1; BHLHE40; BHLHE41; E2F6; MAX; MITF; MXI1; MYC; NFE2; SP4; SREBF1; SREBF2; TFE3; TFEB; TFEC; USF1 (inferredBy_MotifSimilarity). ARNTL2; HELT; MLX (inferredBy_MotifSimilarity_n_Orthology). "
"DC_Gen3_Module","transfac_pro__M02893",3.65,0.105,"RFX4 (inferredBy_Orthology). ",""
"DC_Gen3_Module","dbcorrdb__NFE2__ENCSR000DZY_1__m1",3.65,0.105,"NFE2 (directAnnotation). ","ARNTL; ATF1; ATF3; BACH1; BHLHE40; BHLHE41; E2F6; MAX; MITF; MYC; SP4; SREBF1; SREBF2; TFE3; TFEB; TFEC; USF1; USF2; ZEB1 (inferredBy_MotifSimilarity). ARNT; ARNT2; ARNTL2; HELT (inferredBy_MotifSimilarity_n_Orthology). "
"DC_Gen3_Module","cisbp__M4709",3.64,0.104,"","ARNT2; ARNTL; ATF3; BACH1; BHLHE40; BHLHE41; CLOCK; MITF; NFE2; SREBF1; SREBF2; TFE3; TFEB; TFEC; USF1; USF2 (inferredBy_MotifSimilarity). ARNT; ARNTL2; HELT (inferredBy_MotifSimilarity_n_Orthology). "
"DC_Gen3_Module","fantom__motif159_ACACATACTACA",3.64,0.104,"",""
"DC_Gen3_Module","dbcorrdb__USF2__ENCSR000EEF_1__m1",3.64,0.104,"USF2 (directAnnotation). ","ARNT; ARNT2; ARNTL; ATF1; ATF3; BACH1; BHLHE40; BHLHE41; E2F6; MAX; MITF; MXI1; MYC; NFE2; SP4; SREBF1; SREBF2; TFE3; TFEB; TFEC; USF1 (inferredBy_MotifSimilarity). ARNTL2; CLOCK; HELT; MLX (inferredBy_MotifSimilarity_n_Orthology). "
"DC_Gen3_Module","transfac_pro__M01185",3.64,0.104,"BCL6 (directAnnotation). ","BCL6B (inferredBy_MotifSimilarity). "
"DC_Gen3_Module","cisbp__M1972",3.64,0.104,"PLAG1 (directAnnotation). ",""
"DC_Gen3_Module","transfac_pro__M05663",3.64,0.104,"ZBTB24 (directAnnotation). ",""
"DC_Gen3_Module","scertf__spivak.LEU3",3.63,0.104,"",""
"DC_Gen3_Module","taipale_cyt_meth__KLF12_NRCCACGCCCW_FL_meth_repr",3.63,0.104,"KLF12 (directAnnotation). ","KLF14; KLF2; KLF3; KLF4; KLF5; KLF6; SP3 (inferredBy_MotifSimilarity). KLF17; KLF18; KLF7; KLF8; SP4; SP6; SP7; SP8; SP9 (inferredBy_MotifSimilarity_n_Orthology). "
"DC_Gen3_Module","scertf__spivak.HAP1",3.63,0.104,"",""
"DC_Gen3_Module","cisbp__M0174",3.63,0.104,"TFE3 (inferredBy_Orthology). ","ASCL1; BHLHE40; BHLHE41; HAND1; HAND2; MAX; MITF; MXD1; MXD3; MXD4; MXI1; MYC; MYCN; MYF5; MYF6; MYOD1; MYOG; NHLH1; TAL1; TAL2; TCF12; TCF3; TCF4; TFEB; TFF3; USF1; USF2 (inferredBy_MotifSimilarity). MLX; TFEC (inferredBy_MotifSimilarity_n_Orthology). "
"DC_Gen3_Module","transfac_pro__M03540",3.62,0.104,"","BHLHE40; BHLHE41; MLX; TFE3; USF2 (inferredBy_MotifSimilarity). ARNTL; MLXIP; MLXIPL (inferredBy_MotifSimilarity_n_Orthology). "
"DC_Gen3_Module","cisbp__M4793",3.62,0.104,"TCF12; TCF3; TCF4 (inferredBy_Orthology). ",""
"DC_Gen3_Module","cisbp__M0503",3.62,0.104,"",""
"DC_Gen3_Module","stark__GTCACGTD",3.62,0.104,"",""
"DC_Gen3_Module","hocomoco__TFE3_HUMAN.H11MO.0.B",3.62,0.104,"TFE3 (directAnnotation). ","ARNT; ATF3; BACH1; BHLHE40; BHLHE41; CLOCK; MITF; NFE2; SREBF1; SREBF2; TFEB; USF1; USF2 (inferredBy_MotifSimilarity). ARNT2; ARNTL; ARNTL2; HELT; TFEC (inferredBy_MotifSimilarity_n_Orthology). "
"DC_Gen3_Module","taipale_tf_pairs__ETV2_SREBF2_RTCACGYSNCCGGAWN_CAP_repr",3.62,0.104,"ETV2; SREBF2 (directAnnotation). ",""
"DC_Gen3_Module","cisbp__M4515",3.61,0.104,"USF2 (directAnnotation). ","ARNTL; ATF3; BACH1; BHLHE40; BHLHE41; E2F6; MAX; MITF; MYC; NFE2; SP4; SREBF1; SREBF2; TFE3; TFEB; USF1 (inferredBy_MotifSimilarity). ARNTL2; HELT; TFEC (inferredBy_MotifSimilarity_n_Orthology). "
"DC_Gen3_Module","cisbp__M6316",3.61,0.104,"TCF4 (directAnnotation). ","SNAI1; SNAI2; SNAI3; ZEB1 (inferredBy_MotifSimilarity). TCF3 (inferredBy_MotifSimilarity_n_Orthology). "
"DC_Gen3_Module","cisbp__M0240",3.61,0.104,"","ARNT; BHLHE40; BHLHE41; MLXIPL; SREBF1; SREBF2; TFEB; TFEC; USF1 (inferredBy_MotifSimilarity). "
"DC_Gen3_Module","cisbp__M4481",3.61,0.104,"USF2 (directAnnotation). ","ARNT; ARNT2; ARNTL; ASCL1; ATF3; BACH1; BHLHE40; BHLHE41; E2F6; HAND1; HAND2; MAX; MITF; MXD1; MXD3; MXD4; MXI1; MYC; MYCN; MYF5; MYF6; MYOD1; MYOG; NFE2; NHLH1; SP4; SREBF1; SREBF2; TAL1; TAL2; TCF12; TCF3; TCF4; TFE3; TFEB; TFF3; USF1 (inferredBy_MotifSimilarity). ARNTL2; HELT; TFEC (inferredBy_MotifSimilarity_n_Orthology). "
"DC_Gen3_Module","hocomoco__MITF_HUMAN.H11MO.0.A",3.61,0.104,"MITF (directAnnotation). ","ARNT; ATF3; BACH1; BHLHE40; BHLHE41; MAX; NFE2; SREBF1; SREBF2; TFE3; TFEB; USF1; USF2 (inferredBy_MotifSimilarity). ARNTL; HELT; TFEC (inferredBy_MotifSimilarity_n_Orthology). "
"DC_Gen3_Module","cisbp__M4451",3.6,0.103,"ATF3 (directAnnotation). ","ARNT; ARNT2; ARNTL; ASCL1; BACH1; BHLHE40; BHLHE41; HAND1; HAND2; MAX; MITF; MXD1; MXD3; MXD4; MXI1; MYC; MYCN; MYF5; MYF6; MYOD1; MYOG; NFE2; NHLH1; SREBF1; SREBF2; TAL1; TAL2; TCF12; TCF3; TCF4; TFE3; TFEB; TFEC; TFF3; USF1; USF2 (inferredBy_MotifSimilarity). ARNTL2; HELT (inferredBy_MotifSimilarity_n_Orthology). "
"DC_Gen3_Module","flyfactorsurvey__Sp1_SOLEXA_2.5_FBgn0020378",3.6,0.103,"SP6; SP7; SP8; SP9 (inferredBy_Orthology). ","FOS; IRF1; KLF12; KLF13; KLF14; KLF15; KLF16; KLF2; KLF3; KLF4; KLF5; KLF6; KLF9; NFYA; NFYB; PBX3; SP1; SP2; SP3; SP4; STAT1 (inferredBy_MotifSimilarity). E2F4; KLF10; KLF11; KLF17; KLF18; KLF7; KLF8 (inferredBy_MotifSimilarity_n_Orthology). "
"DC_Gen3_Module","flyfactorsurvey__CG9895_SOLEXA_5_FBgn0034810",3.6,0.103,"KLF12; KLF3; KLF8 (inferredBy_Orthology). ","KLF14; KLF16; KLF2; KLF4; KLF5; KLF6; KLF9; SP1; SP3; SP4; SP8; SP9 (inferredBy_MotifSimilarity). KLF1; KLF10; KLF11; KLF17; KLF18; KLF7; SP2; SP6; SP7 (inferredBy_MotifSimilarity_n_Orthology). "
"DC_Gen3_Module","cisbp__M6530",3.6,0.103,"USF1 (directAnnotation). ","ASCL1; ATF3; BACH1; BHLHE40; BHLHE41; HAND1; HAND2; MAX; MITF; MXD1; MXD3; MXD4; MXI1; MYC; MYCN; MYF5; MYF6; MYOD1; MYOG; NFE2; NHLH1; SREBF1; SREBF2; TAL1; TAL2; TCF12; TCF3; TCF4; TFE3; TFEB; TFF3; USF2 (inferredBy_MotifSimilarity). HELT; TFEC (inferredBy_MotifSimilarity_n_Orthology). "
"DC_Gen3_Module","predrem__nrMotif2416",3.6,0.103,"","BACH1; MAX; USF1; USF2 (inferredBy_MotifSimilarity). MITF; TFE3 (inferredBy_MotifSimilarity_n_Orthology). "
"DC_Gen3_Module","cisbp__M4637",3.6,0.103,"USF1 (directAnnotation). ","ARNT; ARNT2; ARNTL; ASCL1; ATF3; BACH1; BHLHE40; BHLHE41; E2F6; HAND1; HAND2; MAX; MITF; MXD1; MXD3; MXD4; MXI1; MYC; MYCN; MYF5; MYF6; MYOD1; MYOG; NFE2; NHLH1; SREBF1; SREBF2; TAL1; TAL2; TCF12; TCF3; TCF4; TFE3; TFEB; TFF3; USF2 (inferredBy_MotifSimilarity). ARNTL2; HELT; TFEC (inferredBy_MotifSimilarity_n_Orthology). "
"DC_Gen3_Module","transfac_pro__M05261",3.59,0.103,"","BRF1; BRF2; ESRRA; EZH2; FOS; IRF1; NFYB; SMARCA4; SP1; SP2; ZBTB7B (inferredBy_MotifSimilarity). "
"DC_Gen3_Module","transfac_pro__M00985",3.59,0.103,"BHLHE40 (directAnnotation). ","ARNT2; ARNTL; ATF3; BHLHE41; MITF; SREBF1; SREBF2; TFE3; TFEC; USF1; USF2 (inferredBy_MotifSimilarity). ARNTL2; HELT (inferredBy_MotifSimilarity_n_Orthology). "
"DC_Gen3_Module","cisbp__M4579",3.59,0.103,"USF2 (directAnnotation). ","ARNT; ARNT2; ARNTL; ASCL1; ATF3; BACH1; BHLHE40; BHLHE41; HAND1; HAND2; MAX; MITF; MXD1; MXD3; MXD4; MXI1; MYC; MYCN; MYF5; MYF6; MYOD1; MYOG; NFE2; NHLH1; SREBF1; SREBF2; TAL1; TAL2; TCF12; TCF3; TCF4; TFE3; TFEB; TFEC; TFF3; USF1 (inferredBy_MotifSimilarity). ARNTL2; HELT (inferredBy_MotifSimilarity_n_Orthology). "
"DC_Gen3_Module","cisbp__M4480",3.58,0.103,"USF1 (directAnnotation). ","ARNTL; ASCL1; ATF3; BACH1; BHLHE40; BHLHE41; E2F6; HAND1; HAND2; MAX; MITF; MXD1; MXD3; MXD4; MXI1; MYC; MYCN; MYF5; MYF6; MYOD1; MYOG; NFE2; NHLH1; SP4; SREBF1; SREBF2; TAL1; TAL2; TCF12; TCF3; TCF4; TFE3; TFEB; TFF3; USF2 (inferredBy_MotifSimilarity). ARNTL2 (inferredBy_MotifSimilarity_n_Orthology). "
"DC_Gen3_Module","cisbp__M4429",3.58,0.103,"USF1 (directAnnotation). ","ARNT; ARNT2; ARNTL; ASCL1; ATF3; BACH1; BHLHE40; BHLHE41; E2F6; HAND1; HAND2; MAX; MITF; MXD1; MXD3; MXD4; MXI1; MYC; MYCN; MYF5; MYF6; MYOD1; MYOG; NFE2; NHLH1; SP4; SREBF1; SREBF2; TAL1; TAL2; TCF12; TCF3; TCF4; TFE3; TFEB; TFF3; USF2 (inferredBy_MotifSimilarity). ARNTL2; HELT; TFEC (inferredBy_MotifSimilarity_n_Orthology). "
"DC_Gen3_Module","cisbp__M6353",3.58,0.103,"MYF6 (directAnnotation). ","ASCL2 (inferredBy_MotifSimilarity). ASCL1 (inferredBy_MotifSimilarity_n_Orthology). "
"DC_Gen3_Module","cisbp__M4578",3.58,0.103,"USF1 (directAnnotation). ","ARNT; ARNT2; ARNTL; ASCL1; ATF3; BACH1; BHLHE40; BHLHE41; HAND1; HAND2; MAX; MITF; MXD1; MXD3; MXD4; MXI1; MYC; MYCN; MYF5; MYF6; MYOD1; MYOG; NFE2; NHLH1; SREBF1; SREBF2; TAL1; TAL2; TCF12; TCF3; TCF4; TFE3; TFEB; TFEC; TFF3; USF2 (inferredBy_MotifSimilarity). ARNTL2; HELT (inferredBy_MotifSimilarity_n_Orthology). "
"DC_Gen3_Module","neph__UW.Motif.0018",3.58,0.103,"","RFX1 (inferredBy_MotifSimilarity). "
"DC_Gen3_Module","elemento__CAAGGTG",3.58,0.103,"",""
"DC_Gen3_Module","flyfactorsurvey__Fer1_da_SANGER_10_FBgn0000413",3.58,0.103,"","PTF1A; TCF12; TCF3; TCF4 (inferredBy_MotifSimilarity_n_Orthology). "
"DC_Gen3_Module","factorbook__USF",3.58,0.103,"USF1; USF2 (directAnnotation). ","ARNT; ARNT2; ARNTL; ATF3; BACH1; BHLHE40; BHLHE41; MAX; MYC; NFE2; SREBF1; SREBF2; TFE3; TFEB (inferredBy_MotifSimilarity). ARNTL2; HELT; TFEC (inferredBy_MotifSimilarity_n_Orthology). "
"DC_Gen3_Module","predrem__nrMotif203",3.57,0.103,"",""
"DC_Gen3_Module","cisbp__M4514",3.57,0.103,"USF1 (directAnnotation). ","ARNT; ARNT2; ARNTL; ASCL1; ATF3; BACH1; BHLHE40; BHLHE41; E2F6; HAND1; HAND2; MAX; MITF; MXD1; MXD3; MXD4; MXI1; MYC; MYCN; MYF5; MYF6; MYOD1; MYOG; NFE2; NHLH1; SP4; SREBF1; SREBF2; TAL1; TAL2; TCF12; TCF3; TCF4; TFE3; TFEB; TFF3; USF2 (inferredBy_MotifSimilarity). ARNTL2; HELT; TFEC (inferredBy_MotifSimilarity_n_Orthology). "
"DC_Gen3_Module","predrem__nrMotif1973",3.57,0.103,"",""
"DC_Gen3_Module","predrem__nrMotif2537",3.57,0.103,"",""
"DC_Gen3_Module","yetfasco__YLR256W_2078",3.56,0.103,"",""
"DC_Gen3_Module","cisbp__M0776",3.56,0.103,"",""
"DC_Gen3_Module","homer__TCACGTGAYH_Cbf1",3.56,0.102,"","ARNT; ARNTL; ATF3; BHLHE40; BHLHE41; CLOCK; MITF; MLX; MLXIPL; NFE2; SREBF1; SREBF2; TFE3; TFEB; TFEC; USF1; USF2 (inferredBy_MotifSimilarity). ARNT2; ARNTL2; HELT (inferredBy_MotifSimilarity_n_Orthology). "
"DC_Gen3_Module","hocomoco__USF1_HUMAN.H11MO.0.A",3.56,0.102,"USF1 (directAnnotation). ","ARNT; ARNT2; ARNTL; ASCL1; ATF3; BACH1; BHLHE40; BHLHE41; HAND1; HAND2; MAX; MITF; MXD1; MXD3; MXD4; MXI1; MYC; MYCN; MYF5; MYF6; MYOD1; MYOG; NFE2; NHLH1; SREBF1; SREBF2; TAL1; TAL2; TCF12; TCF3; TCF4; TFE3; TFEB; TFEC; TFF3; USF2 (inferredBy_MotifSimilarity). ARNTL2; HELT; MLX (inferredBy_MotifSimilarity_n_Orthology). "
"DC_Gen3_Module","transfac_pro__M05527",3.55,0.102,"ZNF526 (inferredBy_Orthology). ",""
"DC_Gen3_Module","cisbp__M5230",3.55,0.102,"","ARNT2; ARNTL; ATF3; BACH1; BHLHE40; BHLHE41; CLOCK; MLX; NFE2; SREBF1; SREBF2; TFE3; TFEB; USF2 (inferredBy_MotifSimilarity). ARNT; ARNTL2 (inferredBy_MotifSimilarity_n_Orthology). "
"DC_Gen3_Module","taipale_cyt_meth__TFEC_MNCACGTGAYN_eDBD",3.55,0.102,"TFEC (directAnnotation). ","BACH1; BHLHE40; MAX; TFE3; TFEB; USF1; USF2 (inferredBy_MotifSimilarity). ARNTL (inferredBy_MotifSimilarity_n_Orthology). "
"DC_Gen3_Module","predrem__nrMotif2081",3.55,0.102,"",""
"DC_Gen3_Module","transfac_pro__M06788",3.55,0.102,"",""
"DC_Gen3_Module","dbcorrdb__BHLHE40__ENCSR000DZJ_1__m1",3.55,0.102,"BHLHE40 (directAnnotation). ","ARNT; ARNT2; ARNTL; ARNTL2; ATF3; BHLHE41; BRF1; CLOCK; E2F6; ELK1; EZH2; GABPA; HELT; HES2; HEY1; HEY2; MAX; MLX; MXI1; MYC; NFE2; PHF8; POLR2A; SP4; SREBF1; SREBF2; USF1; USF2; ZEB1; ZMIZ1; ZNF274 (inferredBy_MotifSimilarity). "
"DC_Gen3_Module","homer__GGTCACGTGA_USF1",3.55,0.102,"USF1 (directAnnotation). ","ARNT; ARNT2; ATF3; BACH1; BHLHE40; MAX; MITF; MYC; NFE2; SREBF1; SREBF2; TFE3; TFEB; USF2 (inferredBy_MotifSimilarity). HELT (inferredBy_MotifSimilarity_n_Orthology). "
"DC_Gen3_Module","cisbp__M4638",3.55,0.102,"USF2 (directAnnotation). ","ARNT; ARNT2; ARNTL; ASCL1; ATF3; BACH1; BHLHE40; BHLHE41; HAND1; HAND2; MAX; MITF; MXD1; MXD3; MXD4; MXI1; MYC; MYCN; MYF5; MYF6; MYOD1; MYOG; NFE2; NHLH1; SREBF1; SREBF2; TAL1; TAL2; TCF12; TCF3; TCF4; TFE3; TFEB; TFF3; USF1 (inferredBy_MotifSimilarity). ARNTL2; HELT; TFEC (inferredBy_MotifSimilarity_n_Orthology). "
"DC_Gen3_Module","transfac_pro__M09041",3.55,0.102,"",""
"DC_Gen3_Module","dbcorrdb__ATF3__ENCSR000DOG_1__m1",3.54,0.102,"ATF3 (directAnnotation). ","ARNTL; ATF1; BHLHE40; BHLHE41; CREB1; E2F6; ESRRA; EZH2; JUND; MAX; MXI1; MYC; NFE2; SIN3A; SREBF1; SREBF2; USF1; USF2; ZMIZ1 (inferredBy_MotifSimilarity). ARNTL2 (inferredBy_MotifSimilarity_n_Orthology). "
"DC_Gen3_Module","dbcorrdb__RAD21__ENCSR000EHX_1__m3",3.54,0.102,"RAD21 (directAnnotation). ",""
"DC_Gen3_Module","cisbp__M1512",3.54,0.102,"",""
"DC_Gen3_Module","c2h2_zfs__M3425",3.54,0.102,"",""
"DC_Gen3_Module","hocomoco__USF2_HUMAN.H11MO.0.A",3.54,0.102,"USF2 (directAnnotation). ","ARNTL; ASCL1; ATF1; ATF3; BACH1; BHLHE40; BHLHE41; CREB1; E2F6; HAND1; HAND2; MAX; MITF; MXD1; MXD3; MXD4; MXI1; MYC; MYCN; MYF5; MYF6; MYOD1; MYOG; NFE2; NHLH1; SP4; SREBF1; SREBF2; TAL1; TAL2; TCF12; TCF3; TCF4; TFE3; TFEB; TFF3; USF1 (inferredBy_MotifSimilarity). ARNTL2; TFEC (inferredBy_MotifSimilarity_n_Orthology). "
"DC_Gen3_Module","cisbp__M4550",3.54,0.102,"USF2 (directAnnotation). ","ARNT; ARNT2; ARNTL; ASCL1; ATF3; BACH1; BHLHE40; BHLHE41; HAND1; HAND2; MAX; MITF; MXD1; MXD3; MXD4; MXI1; MYC; MYCN; MYF5; MYF6; MYOD1; MYOG; NFE2; NHLH1; SREBF1; SREBF2; TAL1; TAL2; TCF12; TCF3; TCF4; TFE3; TFEB; TFEC; TFF3; USF1 (inferredBy_MotifSimilarity). ARNTL2; HELT; MLX (inferredBy_MotifSimilarity_n_Orthology). "
"DC_Gen3_Module","cisbp__M1760",3.53,0.102,"",""
"DC_Gen3_Module","dbcorrdb__USF1__ENCSR000BHX_1__m1",3.53,0.102,"USF1 (directAnnotation). ","ARNT; ARNT2; ARNTL; ASCL1; ATF1; ATF3; BACH1; BHLHE40; BHLHE41; E2F6; HAND1; HAND2; MAX; MITF; MXD1; MXD3; MXD4; MXI1; MYC; MYCN; MYF5; MYF6; MYOD1; MYOG; NFE2; NHLH1; SP4; SREBF1; SREBF2; TAL1; TAL2; TCF12; TCF3; TCF4; TFE3; TFEB; TFEC; TFF3; USF2; ZEB1 (inferredBy_MotifSimilarity). ARNTL2; CLOCK; HELT; MLX (inferredBy_MotifSimilarity_n_Orthology). "
"DC_Gen3_Module","transfac_pro__M04831",3.53,0.102,"ZEB1 (directAnnotation). ",""
"DC_Gen3_Module","predrem__nrMotif442",3.53,0.102,"",""
"DC_Gen3_Module","flyfactorsurvey__CG5669_SOLEXA_5_FBgn0039169",3.53,0.102,"SP1; SP2; SP3; SP4 (inferredBy_Orthology). ","FOS; IRF1; KLF12; KLF13; KLF14; KLF15; KLF16; KLF3; KLF4; KLF5; KLF9; NFYA; NFYB; PBX3; SP8; SP9; STAT1 (inferredBy_MotifSimilarity). E2F4; KLF10; KLF11; KLF17; KLF18; KLF6; KLF7; KLF8; SP6; SP7 (inferredBy_MotifSimilarity_n_Orthology). "
"DC_Gen3_Module","dbcorrdb__TBP__ENCSR000EEL_1__m2",3.53,0.102,"TBP (directAnnotation). ",""
"DC_Gen3_Module","cisbp__M4500",3.53,0.102,"ATF3 (directAnnotation). ","ARNT; ARNT2; ARNTL; BACH1; BHLHE40; BHLHE41; MAX; MITF; NFE2; SREBF1; SREBF2; TFE3; TFEB; TFEC; USF1; USF2 (inferredBy_MotifSimilarity). ARNTL2; HELT (inferredBy_MotifSimilarity_n_Orthology). "
"DC_Gen3_Module","predrem__nrMotif1455",3.52,0.101,"",""
"DC_Gen3_Module","transfac_pro__M06367",3.52,0.101,"ZNF530 (directAnnotation). ",""
"DC_Gen3_Module","transfac_pro__M04790",3.52,0.101,"E2F6 (directAnnotation). ","EGR1; NRF1; ZSCAN10 (inferredBy_MotifSimilarity). "
"DC_Gen3_Module","predrem__nrMotif2426",3.51,0.101,"",""
"DC_Gen3_Module","homer__ANACAGCTGC_E2A",3.51,0.101,"",""
"DC_Gen3_Module","transfac_pro__M02034",3.51,0.101,"NKX2-1 (directAnnotation). ",""
"DC_Gen3_Module","cisbp__M0197",3.51,0.101,"USF1 (inferredBy_Orthology). ","TFE3 (inferredBy_MotifSimilarity). "
"DC_Gen3_Module","cisbp__M0190",3.51,0.101,"SREBF2 (inferredBy_Orthology). ","SREBF1 (inferredBy_MotifSimilarity). "
"DC_Gen3_Module","predrem__nrMotif2573",3.5,0.101,"",""
"DC_Gen3_Module","predrem__nrMotif2374",3.5,0.101,"",""
"DC_Gen3_Module","hocomoco__TFEB_HUMAN.H11MO.0.C",3.5,0.101,"TFEB (directAnnotation). ","ARNT; ARNTL; ATF3; BACH1; BHLHE40; CLOCK; MAX; MITF; MXI1; TFE3; USF1; USF2 (inferredBy_MotifSimilarity). HELT; TFEC (inferredBy_MotifSimilarity_n_Orthology). "
"DC_Gen3_Module","transfac_pro__M00303",3.5,0.101,"","ARNT; BACH1; BHLHE41; CLOCK; MITF; TFE3; TFEB; TFEC; USF1 (inferredBy_MotifSimilarity). BHLHE40 (inferredBy_MotifSimilarity_n_Orthology). "
"DC_Gen3_Module","taipale_cyt_meth__TFEB_NNCACGTGAYN_eDBD",3.5,0.101,"TFEB (directAnnotation). ","ATF3; BACH1; BHLHE40; MLX; TFE3; TFEC; USF1; USF2 (inferredBy_MotifSimilarity). "
"DC_Gen3_Module","cisbp__M4552",3.5,0.101,"ATF3 (directAnnotation). ","ARNT; ARNT2; ARNTL; BACH1; BHLHE40; BHLHE41; MAX; MITF; NFE2; SREBF1; SREBF2; TFE3; TFEB; TFEC; USF1; USF2 (inferredBy_MotifSimilarity). ARNTL2; HELT (inferredBy_MotifSimilarity_n_Orthology). "
"DC_Gen3_Module","hocomoco__USF1_MOUSE.H11MO.0.A",3.49,0.101,"USF1 (inferredBy_Orthology). ","ARNT; ARNT2; ARNTL; ATF3; BACH1; BHLHE40; BHLHE41; MAX; MITF; MXI1; MYC; NFE2; SREBF1; SREBF2; TFE3; TFEB; USF2 (inferredBy_MotifSimilarity). ARNTL2; TFEC (inferredBy_MotifSimilarity_n_Orthology). "
"DC_Gen3_Module","predrem__nrMotif555",3.49,0.101,"",""
"DC_Gen3_Module","taipale_tf_pairs__PITX1_FIGLA_TAATCCNNNNCASSTG_CAP_repr",3.49,0.101,"FIGLA; PITX1 (directAnnotation). ",""
"DC_Gen3_Module","transfac_pro__M04679",3.49,0.101,"USF2 (directAnnotation). ","ARNT; ARNT2; ARNTL; ATF3; BACH1; BHLHE40; BHLHE41; CLOCK; MITF; NFE2; SREBF1; SREBF2; TFE3; TFEB; TFEC; USF1 (inferredBy_MotifSimilarity). ARNTL2; HELT (inferredBy_MotifSimilarity_n_Orthology). "
"DC_Gen3_Module","predrem__nrMotif1850",3.48,0.101,"",""
"DC_Gen3_Module","bergman__prd-PD",3.48,0.101,"PAX3; PAX7 (inferredBy_Orthology). ",""
"DC_Gen3_Module","transfac_pro__M09006",3.47,0.1,"TFE3 (inferredBy_Orthology). ","ARNT; ARNT2; ARNTL; ATF3; BACH1; BHLHE40; BHLHE41; CLOCK; MAX; MITF; MLX; MXI1; NFE2; SREBF1; SREBF2; TFEB; TFEC; USF1; USF2 (inferredBy_MotifSimilarity). ARNTL2; HELT; NPAS2 (inferredBy_MotifSimilarity_n_Orthology). "
"DC_Gen3_Module","flyfactorsurvey__vnd_FlyReg_FBgn0003986",3.47,0.1,"NKX2-8 (inferredBy_Orthology). ",""
"DC_Gen3_Module","transfac_pro__M06172",3.46,0.1,"ZNF90 (directAnnotation). ",""
"DC_Gen3_Module","transfac_pro__M05796",3.46,0.1,"ZNF574 (inferredBy_Orthology). ",""
"DC_Gen3_Module","transfac_pro__M05941",3.46,0.1,"ZNF471 (directAnnotation). ",""
"DC_Gen3_Module","cisbp__M1926",3.46,0.1,"ZEB1 (directAnnotation). ",""
"DC_Gen3_Module","transfac_pro__M01793",3.46,0.1,"","ARNT; BACH1; BHLHE40; CLOCK; MITF; SREBF2; TFE3; TFEB; TFEC (inferredBy_MotifSimilarity). ARNT2; ARNTL; ARNTL2; MLX; SREBF1 (inferredBy_MotifSimilarity_n_Orthology). "
"DC_Gen3_Module","transfac_pro__M05795",3.45,0.0999,"ZNF574 (directAnnotation). ",""
"DC_Gen3_Module","cisbp__M0208",3.45,0.0998,"MITF (inferredBy_Orthology). ","ASCL1; ATF3; BACH1; BHLHE40; BHLHE41; HAND1; HAND2; MAX; MXD1; MXD3; MXD4; MXI1; MYC; MYCN; MYF5; MYF6; MYOD1; MYOG; NHLH1; TAL1; TAL2; TCF12; TCF3; TCF4; TFE3; TFEB; TFF3; USF1; USF2 (inferredBy_MotifSimilarity). MLX; TFEC (inferredBy_MotifSimilarity_n_Orthology). "
"DC_Gen3_Module","hocomoco__SNAI1_HUMAN.H11MO.0.C",3.45,0.0997,"SNAI1 (directAnnotation). ",""
"DC_Gen3_Module","jaspar__MA0620.1",3.45,0.0997,"MITF (inferredBy_Orthology). ","ASCL1; ATF3; BACH1; BHLHE40; BHLHE41; HAND1; HAND2; MAX; MXD1; MXD3; MXD4; MXI1; MYC; MYCN; MYF5; MYF6; MYOD1; MYOG; NHLH1; TAL1; TAL2; TCF12; TCF3; TCF4; TFE3; TFEB; TFF3; USF1; USF2 (inferredBy_MotifSimilarity). MLX; TFEC (inferredBy_MotifSimilarity_n_Orthology). "
"DC_Gen3_Module","cisbp__M4890",3.44,0.0997,"KLF12; KLF3; KLF8 (inferredBy_Orthology). ","KLF1; KLF14; KLF16; KLF2; KLF4; KLF5; KLF6; KLF9; SP1; SP3; SP4; SP8; SP9 (inferredBy_MotifSimilarity). KLF10; KLF11; KLF17; KLF18; KLF7; SP2; SP6; SP7 (inferredBy_MotifSimilarity_n_Orthology). "
"DC_Gen3_Module","jaspar__MA0103.2",3.44,0.0997,"ZEB1 (directAnnotation). ",""
"DC_Gen3_Module","elemento__ATCCCAGCA",3.44,0.0996,"",""
"DC_Gen3_Module","jaspar__MA0603.1",3.44,0.0996,"ARNTL (inferredBy_Orthology). ","ARNT; ARNT2; ATF3; BACH1; BHLHE40; CLOCK; TFE3; TFEB (inferredBy_MotifSimilarity). "
"DC_Gen3_Module","flyfactorsurvey__cato_da_SANGER_10_FBgn0000413",3.44,0.0995,"","TCF12; TCF3; TCF4 (inferredBy_MotifSimilarity_n_Orthology). "
"DC_Gen3_Module","transfac_pro__M07950",3.43,0.0994,"SP6; SP7; SP8; SP9 (inferredBy_Orthology). ","KLF2; KLF4; KLF6 (inferredBy_MotifSimilarity). KLF12; KLF7; KLF8 (inferredBy_MotifSimilarity_n_Orthology). "
"DC_Gen3_Module","elemento__CAGGTGG",3.43,0.0994,"",""
"DC_Gen3_Module","transfac_pro__M09005",3.43,0.0994,"SP4 (inferredBy_Orthology). ","FOS; IRF1; KLF1; KLF12; KLF13; KLF14; KLF15; KLF16; KLF3; KLF4; KLF5; KLF9; NFYA; NFYB; PBX3; SP1; SP2; SP3; SP8; SP9; STAT1 (inferredBy_MotifSimilarity). KLF10; KLF11; KLF17; KLF18; KLF6; KLF7; KLF8; SP6; SP7 (inferredBy_MotifSimilarity_n_Orthology). "
"DC_Gen3_Module","dbcorrdb__BHLHE40__ENCSR000BID_1__m1",3.43,0.0993,"BHLHE40 (directAnnotation). ","ARNT; ARNT2; ARNTL; ARNTL2; ATF1; ATF3; BHLHE41; CLOCK; E2F6; EZH2; GABPA; MAX; MLX; MXI1; MYC; NFE2; SP4; SREBF1; SREBF2; USF1; USF2; ZEB1 (inferredBy_MotifSimilarity). "
"DC_Gen3_Module","taipale_cyt_meth__USF2_MNCACGTGAYN_eDBD",3.43,0.0992,"USF2 (directAnnotation). ","ATF3; BACH1; BHLHE40; MAX; TFE3; TFEB; TFEC; USF1 (inferredBy_MotifSimilarity). ARNTL (inferredBy_MotifSimilarity_n_Orthology). "
"DC_Gen3_Module","cisbp__M0220",3.43,0.0992,"ARNTL (inferredBy_Orthology). ","ARNT; BACH1; BHLHE40; CLOCK; TFE3; TFEB (inferredBy_MotifSimilarity). ARNT2 (inferredBy_MotifSimilarity_n_Orthology). "
"DC_Gen3_Module","taipale_cyt_meth__ARNT2_RTCACGTGMN_eDBD",3.42,0.0992,"ARNT2 (directAnnotation). ","ARNTL; ATF3; BACH1; BHLHE40; BHLHE41; CLOCK; SREBF1; SREBF2; TFE3; USF2 (inferredBy_MotifSimilarity). ARNT; ARNTL2; TFEB (inferredBy_MotifSimilarity_n_Orthology). "
"DC_Gen3_Module","hocomoco__MITF_MOUSE.H11MO.0.A",3.42,0.099,"MITF (inferredBy_Orthology). ","ASCL1; ATF3; BACH1; BHLHE40; BHLHE41; HAND1; HAND2; MAX; MXD1; MXD3; MXD4; MXI1; MYC; MYCN; MYF5; MYF6; MYOD1; MYOG; NHLH1; TAL1; TAL2; TCF12; TCF3; TCF4; TFE3; TFEB; TFF3; USF1; USF2 (inferredBy_MotifSimilarity). ARNTL; TFEC (inferredBy_MotifSimilarity_n_Orthology). "
"DC_Gen3_Module","predrem__nrMotif1609",3.42,0.099,"",""
"DC_Gen3_Module","jaspar__MA0093.2",3.42,0.099,"USF1 (directAnnotation). ","ARNT; ARNT2; ASCL1; ATF3; BACH1; BHLHE40; BHLHE41; HAND1; HAND2; MAX; MITF; MXD1; MXD3; MXD4; MXI1; MYC; MYCN; MYF5; MYF6; MYOD1; MYOG; NFE2; NHLH1; SREBF1; SREBF2; TAL1; TAL2; TCF12; TCF3; TCF4; TFE3; TFEB; TFEC; TFF3; USF2 (inferredBy_MotifSimilarity). ARNTL; HELT (inferredBy_MotifSimilarity_n_Orthology). "
"DC_Gen3_Module","cisbp__M3133",3.41,0.0989,"E2F1 (directAnnotation). ",""
"DC_Gen3_Module","taipale__Bhlhb2_DBD_NKCACGTGMN",3.41,0.0988,"BHLHE40 (inferredBy_Orthology). ","ARNT; ARNT2; ARNTL; ATF3; BACH1; BHLHE41; CLOCK; MLX; MLXIPL; NFE2; SIRT6; SREBF1; SREBF2; TFE3; TFEB; TFEC; USF1; USF2 (inferredBy_MotifSimilarity). ARNTL2; HELT; MITF; TCFL5 (inferredBy_MotifSimilarity_n_Orthology). "
"DC_Gen3_Module","elemento__CGCAGGCGC",3.4,0.0987,"","NRF1 (inferredBy_MotifSimilarity). "
"DC_Gen3_Module","predrem__nrMotif2213",3.39,0.0984,"",""
"DC_Gen3_Module","transfac_pro__M07723",3.39,0.0984,"","FOXC1; FOXC2; FOXD3; FOXF1; FOXF2; FOXG1; FOXH1; FOXJ1; FOXJ2; FOXK1; FOXL1; FOXO3 (inferredBy_MotifSimilarity). FOXJ3; FOXN2; FOXN3; FOXO1; FOXP1; FOXP2; FOXP3; FOXP4 (inferredBy_MotifSimilarity_n_Orthology). "
"DC_Gen3_Module","elemento__TGATCTC",3.39,0.0983,"",""
"DC_Gen3_Module","cisbp__M1917",3.39,0.0983,"USF1 (directAnnotation). ","ARNT; ARNT2; ASCL1; ATF3; BACH1; BHLHE40; BHLHE41; HAND1; HAND2; MAX; MITF; MXD1; MXD3; MXD4; MXI1; MYC; MYCN; MYF5; MYF6; MYOD1; MYOG; NFE2; NHLH1; SREBF1; SREBF2; TAL1; TAL2; TCF12; TCF3; TCF4; TFE3; TFEB; TFEC; TFF3; USF2 (inferredBy_MotifSimilarity). ARNTL; HELT (inferredBy_MotifSimilarity_n_Orthology). "
"DC_Gen3_Module","transfac_pro__M07476",3.38,0.0982,"LHX8 (directAnnotation). ",""
"DC_Gen3_Module","neph__UW.Motif.0580",3.38,0.0982,"",""
"DC_Gen3_Module","transfac_pro__M09065",3.37,0.098,"","TAF1 (inferredBy_MotifSimilarity). "
"DC_Gen3_Module","transfac_pro__M07635",3.37,0.098,"","ARNT; ARNT2; ARNTL; ATF3; BACH1; BHLHE40; BHLHE41; CLOCK; MLX; MLXIPL; NFE2; SREBF1; SREBF2; TFE3; TFEB; TFEC; USF1; USF2 (inferredBy_MotifSimilarity). ARNTL2; HELT; MITF (inferredBy_MotifSimilarity_n_Orthology). "
"DC_Gen3_Module","transfac_pro__M04684",3.37,0.0979,"ATF3 (directAnnotation). ","ARNT; ARNT2; ARNTL; BACH1; BHLHE40; BHLHE41; CLOCK; MITF; NFE2; SREBF1; SREBF2; TFE3; TFEB; TFEC; USF1; USF2 (inferredBy_MotifSimilarity). ARNTL2; HELT (inferredBy_MotifSimilarity_n_Orthology). "
"DC_Gen3_Module","bergman__tin",3.37,0.0978,"","NKX2-5 (inferredBy_MotifSimilarity). NKX2-8 (inferredBy_MotifSimilarity_n_Orthology). "
"DC_Gen3_Module","predrem__nrMotif1063",3.36,0.0977,"",""
"DC_Gen3_Module","cisbp__M5993",3.36,0.0977,"BHLHE40 (inferredBy_Orthology). ","ARNT; ARNT2; ARNTL; ATF3; BACH1; BHLHE41; CLOCK; MLX; MLXIPL; NFE2; SIRT6; SREBF1; SREBF2; TFE3; TFEB; TFEC; USF1; USF2 (inferredBy_MotifSimilarity). ARNTL2; HELT; MITF; TCFL5 (inferredBy_MotifSimilarity_n_Orthology). "
"DC_Gen3_Module","taipale_cyt_meth__KLF12_NRCCACGCCCW_FL",3.36,0.0977,"KLF12 (directAnnotation). ","KLF14; KLF16; KLF2; KLF3; KLF4; KLF5; KLF6; KLF9; SP1; SP3; SP8 (inferredBy_MotifSimilarity). KLF1; KLF10; KLF11; KLF17; KLF18; KLF7; KLF8; SP2; SP4; SP6; SP7; SP9 (inferredBy_MotifSimilarity_n_Orthology). "
"DC_Gen3_Module","jaspar__MA0526.1",3.36,0.0976,"USF2 (directAnnotation). ","ARNT; ARNTL; ATF3; BHLHE40; BHLHE41; MITF; NFE2; SREBF1; SREBF2; TFE3; TFEB; TFEC; USF1 (inferredBy_MotifSimilarity). "
"DC_Gen3_Module","predrem__nrMotif375",3.36,0.0976,"",""
"DC_Gen3_Module","predrem__nrMotif1816",3.35,0.0975,"",""
"DC_Gen3_Module","cisbp__M4871",3.35,0.0975,"SP1; SP2; SP3; SP4 (inferredBy_Orthology). ","FOS; IRF1; KLF12; KLF13; KLF14; KLF15; KLF16; KLF4; KLF5; KLF9; NFYA; NFYB; PBX3; SP8; SP9; STAT1 (inferredBy_MotifSimilarity). E2F4; KLF10; KLF11; KLF17; KLF18; KLF3; KLF6; KLF7; KLF8; SP6; SP7 (inferredBy_MotifSimilarity_n_Orthology). "
"DC_Gen3_Module","transfac_pro__M07738",3.35,0.0974,"GCM1; GCM2 (inferredBy_Orthology). ",""
"DC_Gen3_Module","transfac_pro__M09284",3.35,0.0973,"","MYBL1 (inferredBy_MotifSimilarity_n_Orthology). "
"DC_Gen3_Module","dbcorrdb__PBX3__ENCSR000BGR_1__m1",3.34,0.0972,"PBX3 (directAnnotation). ","E2F4; FOS; NFYA; PBX1; PKNOX1; RFX5; SMARCC1; SP1; SREBF1 (inferredBy_MotifSimilarity). "
"DC_Gen3_Module","cisbp__M0225",3.34,0.0972,"","MAX; MXI1; TFE3 (inferredBy_MotifSimilarity). USF2 (inferredBy_MotifSimilarity_n_Orthology). "
"DC_Gen3_Module","transfac_pro__M08909",3.34,0.0972,"CLOCK (directAnnotation). ","ARNT; ARNT2; ARNTL; ATF3; BACH1; BHLHE40; BHLHE41; TFE3; TFEB; USF2 (inferredBy_MotifSimilarity). ARNTL2 (inferredBy_MotifSimilarity_n_Orthology). "
"DC_Gen3_Module","transfac_pro__M09042",3.34,0.0972,"",""
"DC_Gen3_Module","hocomoco__ITF2_MOUSE.H11MO.0.B",3.34,0.0971,"TCF4 (inferredBy_Orthology). ","SNAI1; SNAI2; SNAI3; ZEB1 (inferredBy_MotifSimilarity). TCF3 (inferredBy_MotifSimilarity_n_Orthology). "
"DC_Gen3_Module","scertf__spivak.NRG1",3.33,0.097,"",""
"DC_Gen3_Module","transfac_pro__M09544",3.33,0.0968,"","MYB; MYBL1 (inferredBy_MotifSimilarity_n_Orthology). "
"DC_Gen3_Module","taipale__BHLHB2_DBD_NKCACGTGMN",3.32,0.0967,"BHLHE40 (directAnnotation). ","ARNT; ARNT2; ARNTL; ATF3; BACH1; BHLHE41; CLOCK; MLX; MLXIPL; SIRT6; SREBF1; SREBF2; TFE3; TFEB; TFEC; USF1; USF2 (inferredBy_MotifSimilarity). ARNTL2; HELT; MIOS (inferredBy_MotifSimilarity_n_Orthology). "
"DC_Gen3_Module","tfdimers__MD00557",3.32,0.0967,"MZF1 (directAnnotation). ",""
"DC_Gen3_Module","swissregulon__sacCer__RDR1",3.32,0.0967,"",""
"DC_Gen3_Module","flyfactorsurvey__Clk_cyc_SANGER_5_FBgn0023076",3.32,0.0967,"CLOCK; NPAS2 (inferredBy_Orthology). ","ARNTL; ARNTL2 (inferredBy_MotifSimilarity_n_Orthology). "
"DC_Gen3_Module","dbcorrdb__MAX__ENCSR000EEZ_1__m1",3.32,0.0967,"MAX (directAnnotation). ","ARNT; ARNT2; ATF1; ATF3; BHLHE40; BRF1; E2F6; ESRRA; ETS1; EZH2; MXI1; MYC; MYCN; NELFE; NFE2; POLR2A; RAD21; SAP30; SIN3A; SMARCA4; SP4; SREBF1; SREBF2; STAT1; TFEB; TFEC; USF1; USF2; XRCC4; ZEB1; ZNF878 (inferredBy_MotifSimilarity). MITF; TFE3 (inferredBy_MotifSimilarity_n_Orthology). "
"DC_Gen3_Module","elemento__ATCGATC",3.32,0.0967,"",""
"DC_Gen3_Module","neph__UW.Motif.0371",3.32,0.0967,"",""
"DC_Gen3_Module","yetfasco__YDR421W_725",3.32,0.0967,"",""
"DC_Gen3_Module","transfac_pro__M05818",3.31,0.0966,"ZNF627 (directAnnotation). ",""
"DC_Gen3_Module","taipale_cyt_meth__USF1_RNCAYGTGACN_FL_meth",3.31,0.0966,"USF1 (directAnnotation). ","TFEB; TFEC; USF2 (inferredBy_MotifSimilarity). "
"DC_Gen3_Module","flyfactorsurvey__luna_SOLEXA_5_FBgn0040765",3.31,0.0965,"KLF6; KLF7 (inferredBy_Orthology). ","KLF12; KLF14; KLF2; KLF3; KLF4; KLF5; KLF9 (inferredBy_MotifSimilarity). KLF17; KLF18; KLF8; SP1; SP2; SP3; SP4; SP6; SP7; SP8; SP9 (inferredBy_MotifSimilarity_n_Orthology). "
"DC_Gen3_Module","swissregulon__sacCer__CBF1",3.31,0.0964,"","ARNT; BHLHE40; BHLHE41; MLX; NFE2; SIRT6; SREBF1; SREBF2; TFE3; TFEB; TFEC; USF1; USF2 (inferredBy_MotifSimilarity). ARNT2; ARNTL; ARNTL2 (inferredBy_MotifSimilarity_n_Orthology). "
"DC_Gen3_Module","dbcorrdb__ATF3__ENCSR000BJY_1__m1",3.31,0.0964,"ATF3 (directAnnotation). ","ARNTL; BACH1; BHLHE40; BHLHE41; CREB1; E2F6; EZH2; MAX; MITF; MXI1; MYC; NFE2; SIN3A; SREBF1; SREBF2; TFE3; TFEB; USF1; USF2; ZMIZ1 (inferredBy_MotifSimilarity). ARNTL2; HELT; TFEC (inferredBy_MotifSimilarity_n_Orthology). "
"DC_Gen3_Module","transfac_pro__M07305",3.31,0.0964,"RFX1; RFX2; RFX3; RFX4; RFX5; RFXAP (directAnnotation). ","ZBTB7B (inferredBy_MotifSimilarity). RFX7 (inferredBy_MotifSimilarity_n_Orthology). "
"DC_Gen3_Module","dbcorrdb__BHLHE40__ENCSR000EGV_1__m1",3.31,0.0964,"BHLHE40 (directAnnotation). ","ARNT2; ARNTL; ATF1; ATF3; BHLHE41; E2F6; ESRRA; EZH2; GABPA; HELT; HES2; HEY1; HEY2; MAX; MLX; MXI1; MYC; NFE2; NRF1; POLR2A; SP4; SREBF1; STAT1; USF1; USF2; XRCC4; ZEB1; ZNF143 (inferredBy_MotifSimilarity). ARNT; ARNTL2 (inferredBy_MotifSimilarity_n_Orthology). "
"DC_Gen3_Module","taipale__TFE3_DBD_NNCACGTGNN",3.3,0.0963,"TFE3 (directAnnotation). ","ARNT; ARNTL; ATF3; BACH1; BHLHE40; BHLHE41; MAX; MITF; MLX; MLXIPL; NFE2; SREBF1; SREBF2; TFEB; TFEC; USF1; USF2 (inferredBy_MotifSimilarity). ARNT2; ARNTL2; HELT (inferredBy_MotifSimilarity_n_Orthology). "
"DC_Gen3_Module","cisbp__M1280",3.3,0.0963,"",""
"DC_Gen3_Module","cisbp__M6519",3.3,0.0963,"TGIF1 (directAnnotation). ",""
"DC_Gen3_Module","taipale__BHLHB3_full_NKCACGTGMN_repr",3.3,0.0962,"BHLHE41 (directAnnotation). ","ARNT2; ARNTL; ATF3; BHLHE40; CLOCK; HES7; MLX; SIRT6; SREBF1; SREBF2; USF2 (inferredBy_MotifSimilarity). ARNT; ARNTL2; HES6; TFEB (inferredBy_MotifSimilarity_n_Orthology). "
"DC_Gen3_Module","hocomoco__MLX_HUMAN.H11MO.0.D",3.3,0.0962,"MLX (directAnnotation). ",""
"DC_Gen3_Module","tfdimers__MD00023",3.3,0.0962,"MAFA; YY1 (directAnnotation). ",""
"DC_Gen3_Module","cisbp__M5930",3.29,0.0961,"TFE3 (directAnnotation). ","ARNT; ARNTL; ATF3; BACH1; BHLHE40; BHLHE41; MITF; MLX; MLXIPL; NFE2; SREBF1; SREBF2; TFEB; TFEC; USF1; USF2 (inferredBy_MotifSimilarity). ARNT2; ARNTL2; HELT (inferredBy_MotifSimilarity_n_Orthology). "
"DC_Gen3_Module","transfac_pro__M05515",3.29,0.0961,"ZNF280B (directAnnotation). ",""
"DC_Gen3_Module","cisbp__M5305",3.29,0.0961,"BHLHE40 (directAnnotation). ","ARNT; ARNT2; ARNTL; ATF3; BACH1; BHLHE41; CLOCK; MLX; MLXIPL; SIRT6; SREBF1; SREBF2; TFE3; TFEB; TFEC; USF1; USF2 (inferredBy_MotifSimilarity). ARNTL2; HELT; MIOS (inferredBy_MotifSimilarity_n_Orthology). "
"DC_Gen3_Module","dbcorrdb__ATF3__ENCSR000BKE_1__m1",3.29,0.0961,"ATF3 (directAnnotation). ","ARNTL; ATF1; BHLHE40; BHLHE41; BRCA1; CEBPD; CREB1; CREB3L4; CREM; E2F6; EZH2; JUND; MAX; MITF; MXI1; MYC; NFE2; SAP30; SP4; SREBF1; SREBF2; TFE3; TFEB; USF1; USF2; ZEB1 (inferredBy_MotifSimilarity). ARNTL2; HELT (inferredBy_MotifSimilarity_n_Orthology). "
"DC_Gen3_Module","transfac_pro__M06496",3.29,0.0961,"ZNF808 (directAnnotation). ","ZNF200; ZNF319 (inferredBy_MotifSimilarity). "
"DC_Gen3_Module","cisbp__M5306",3.29,0.096,"BHLHE41 (directAnnotation). ","ARNT2; ARNTL; ATF3; BHLHE40; CLOCK; HES7; MLX; SIRT6; SREBF1; SREBF2; USF2 (inferredBy_MotifSimilarity). ARNT; ARNTL2; HES6; TFEB (inferredBy_MotifSimilarity_n_Orthology). "
"DC_Gen3_Module","cisbp__M5202",3.28,0.0958,"SNAI1; SNAI2; SNAI3 (inferredBy_Orthology). ",""
"DC_Gen3_Module","transfac_pro__M01911",3.28,0.0958,"","ARNTL; BHLHE40; SIRT6 (inferredBy_MotifSimilarity). ARNT (inferredBy_MotifSimilarity_n_Orthology). "
"DC_Gen3_Module","jaspar__MA0281.1",3.28,0.0958,"","ARNTL; BHLHE40; SIRT6 (inferredBy_MotifSimilarity). ARNT (inferredBy_MotifSimilarity_n_Orthology). "
"DC_Gen3_Module","transfac_pro__M06848",3.28,0.0957,"",""
"DC_Gen3_Module","dbcorrdb__POLR2A__ENCSR000EEP_1__m1",3.28,0.0957,"POLR2A (directAnnotation). ","ETS1; EZH2; HCFC1; ZNF143 (inferredBy_MotifSimilarity). "
"DC_Gen3_Module","stark__AATTRNNNNNCAA",3.27,0.0956,"",""
"DC_Gen3_Module","cisbp__M5994",3.27,0.0956,"BHLHE40 (inferredBy_Orthology). ","ARNT; ARNT2; ARNTL; ATF3; BACH1; BHLHE41; CLOCK; MLX; SIRT6; SREBF1; SREBF2; TFE3; TFEB; TFEC; USF1; USF2 (inferredBy_MotifSimilarity). ARNTL2; HELT; MIOS (inferredBy_MotifSimilarity_n_Orthology). "
"DC_Gen3_Module","taipale_cyt_meth__ARNTL_RTCACGTGMN_eDBD",3.27,0.0955,"ARNTL (directAnnotation). ","ARNT2; ATF3; BACH1; BHLHE40; BHLHE41; CLOCK; SREBF1; SREBF2; TFE3 (inferredBy_MotifSimilarity). ARNT; ARNTL2; TFEB (inferredBy_MotifSimilarity_n_Orthology). "
"DC_Gen3_Module","dbcorrdb__BHLHE40__ENCSR000DYJ_1__m1",3.27,0.0955,"BHLHE40 (directAnnotation). ","ARNT2; ARNTL; ATF1; ATF3; BHLHE41; E2F6; ELK1; ESRRA; EZH2; GABPA; GTF2F1; HELT; HES2; HEY1; HEY2; MAX; MXI1; MYC; NFE2; POLR2A; SP4; SREBF1; SREBF2; STAT1; USF1; USF2; XRCC4; ZEB1 (inferredBy_MotifSimilarity). ARNT; ARNTL2 (inferredBy_MotifSimilarity_n_Orthology). "
"DC_Gen3_Module","taipale__Klf12_DBD_GRCCACGCCCWNNNN_repr",3.27,0.0955,"KLF12 (inferredBy_Orthology). ","KLF14; KLF2; KLF3; KLF4; KLF5; KLF6; SP4 (inferredBy_MotifSimilarity). KLF7; KLF8 (inferredBy_MotifSimilarity_n_Orthology). "
"DC_Gen3_Module","taipale__TFEB_full_RTCACGTGAY",3.27,0.0955,"TFEB (directAnnotation). ","ARNT; ARNTL; ATF3; BACH1; BHLHE40; BHLHE41; MAX; MITF; MLX; MLXIPL; NFE2; SREBF1; SREBF2; TFE3; TFEC; USF1; USF2 (inferredBy_MotifSimilarity). ARNT2; ARNTL2; HELT (inferredBy_MotifSimilarity_n_Orthology). "
"DC_Gen3_Module","predrem__nrMotif713",3.27,0.0955,"",""
"DC_Gen3_Module","taipale_cyt_meth__BHLHE40_GTCACGTGAC_eDBD",3.27,0.0954,"BHLHE40 (directAnnotation). ","ARNT; ARNT2; ARNTL; ATF3; BACH1; BHLHE41; CLOCK; MITF; NFE2; SREBF1; SREBF2; TFE3; TFEB; TFEC; USF1; USF2 (inferredBy_MotifSimilarity). ARNTL2; HELT; MLX (inferredBy_MotifSimilarity_n_Orthology). "
"DC_Gen3_Module","predrem__nrMotif1505",3.27,0.0954,"",""
"DC_Gen3_Module","transfac_pro__M03860",3.27,0.0954,"USF2 (directAnnotation). ","ARNT; ARNT2; ASCL1; ATF3; BACH1; BHLHE40; BHLHE41; HAND1; HAND2; MAX; MITF; MXD1; MXD3; MXD4; MXI1; MYC; MYCN; MYF5; MYF6; MYOD1; MYOG; NFE2; NHLH1; SREBF1; SREBF2; TAL1; TAL2; TCF12; TCF3; TCF4; TFE3; TFEB; TFEC; TFF3; USF1 (inferredBy_MotifSimilarity). "
"DC_Gen3_Module","predrem__nrMotif604",3.27,0.0954,"",""
"DC_Gen3_Module","dbcorrdb__POLR2A__ENCSR000AOJ_1__m1",3.26,0.0953,"POLR2A (directAnnotation). ",""
"DC_Gen3_Module","transfac_pro__M01779",3.26,0.0953,"","MLX; TFE3; TFEC (inferredBy_MotifSimilarity). "
"DC_Gen3_Module","taipale_cyt_meth__TFEC_RNCAYGTGAYN_eDBD_meth",3.26,0.0953,"TFEC (directAnnotation). ","TFEB; USF1; USF2 (inferredBy_MotifSimilarity). "
"DC_Gen3_Module","elemento__AGGTGAG",3.26,0.0953,"",""
"DC_Gen3_Module","dbcorrdb__USF1__ENCSR000BIU_1__m1",3.26,0.0953,"USF1 (directAnnotation). ","ARNT; ARNT2; ARNTL; ATF3; BACH1; BHLHE40; BHLHE41; MAX; MITF; MXI1; MYC; NFE2; SREBF1; SREBF2; TFE3; TFEB; TFEC; USF2 (inferredBy_MotifSimilarity). ARNTL2; HELT; MLX (inferredBy_MotifSimilarity_n_Orthology). "
"DC_Gen3_Module","cisbp__M5931",3.25,0.0951,"TFEB (directAnnotation). ","ARNT; ARNTL; ATF3; BACH1; BHLHE40; BHLHE41; MAX; MITF; MLX; MLXIPL; NFE2; SREBF1; SREBF2; TFE3; TFEC; USF1; USF2 (inferredBy_MotifSimilarity). ARNT2; ARNTL2; HELT (inferredBy_MotifSimilarity_n_Orthology). "
"DC_Gen3_Module","taipale_cyt_meth__ASCL2_NRCAGCTGYN_eDBD",3.25,0.0951,"ASCL2 (directAnnotation). ","ASCL1; MYOG; TCF12 (inferredBy_MotifSimilarity). MYOD1 (inferredBy_MotifSimilarity_n_Orthology). "
"DC_Gen3_Module","transfac_pro__M06059",3.25,0.095,"ZNF727 (directAnnotation). ",""
"DC_Gen3_Module","elemento__TACGTGAC",3.25,0.095,"",""
"DC_Gen3_Module","hdpi__UTP18",3.25,0.0949,"UTP18 (directAnnotation). ",""
"DC_Gen3_Module","transfac_pro__M00371",3.24,0.0947,"","ATF3; CREB3L1; USF1; USF2 (inferredBy_MotifSimilarity). ARNTL; ARNTL2; CREB3L2 (inferredBy_MotifSimilarity_n_Orthology). "
"DC_Gen3_Module","transfac_pro__M05902",3.24,0.0947,"ZNF100 (directAnnotation). ",""
"DC_Gen3_Module","cisbp__M4628",3.23,0.0946,"MAX (directAnnotation). ","ARNT; ARNT2; ASCL1; ATF3; BHLHE40; BHLHE41; HAND1; HAND2; MITF; MXD1; MXD3; MXD4; MXI1; MYC; MYCN; MYF5; MYF6; MYOD1; MYOG; NHLH1; TAL1; TAL2; TCF12; TCF3; TCF4; TFE3; TFEB; TFEC; TFF3; USF1; USF2 (inferredBy_MotifSimilarity). MLX (inferredBy_MotifSimilarity_n_Orthology). "
"DC_Gen3_Module","dbcorrdb__MAX__ENCSR000EDS_1__m1",3.23,0.0946,"MAX (directAnnotation). ","ARNT; ARNT2; ATF1; ATF3; BHLHE40; BHLHE41; BRF1; BRF2; CTCF; E2F6; EGR1; ESRRA; EZH2; GABPA; HDAC2; HELT; HEY1; HEY2; MAZ; MXI1; MYC; MYCN; NELFE; NFE2; POLR2A; RAD21; RBBP5; SAP30; SMARCA4; SP2; SP4; SREBF1; SREBF2; STAT1; TAF1; USF1; USF2; XRCC4; YY1; ZBTB7A; ZEB1; ZMIZ1; ZNF274 (inferredBy_MotifSimilarity). CLOCK; MITF; MNT; NPAS2 (inferredBy_MotifSimilarity_n_Orthology). "
"DC_Gen3_Module","dbcorrdb__TAF7__ENCSR000BLU_1__m1",3.23,0.0945,"TAF7 (directAnnotation). ","ATF3; KDM5A; PHF8; POLR2A; TAF1; YY1 (inferredBy_MotifSimilarity). TAF1L (inferredBy_MotifSimilarity_n_Orthology). "
"DC_Gen3_Module","taipale__MLXIPL_full_ATCACGTGAT",3.23,0.0945,"MLXIPL (directAnnotation). ","ARNT; BHLHE40; BHLHE41; MLX; SREBF1; SREBF2; TFE3; TFEB; TFEC; USF1 (inferredBy_MotifSimilarity). "
"DC_Gen3_Module","dbcorrdb__POLR2AphosphoS5__ENCSR000BOV_1__m2",3.22,0.0944,"","ELF1; ETS1; GABPA; PHF8; POLR2A; TAF1 (inferredBy_MotifSimilarity). "
"DC_Gen3_Module","transfac_pro__M00952",3.22,0.0944,"",""
"DC_Gen3_Module","cisbp__M0202",3.22,0.0944,"TFEC (inferredBy_Orthology). ","MAX; MXI1; TFE3; TFEB; USF1; USF2 (inferredBy_MotifSimilarity). MITF (inferredBy_MotifSimilarity_n_Orthology). "
"DC_Gen3_Module","transfac_pro__M09317",3.22,0.0943,"","MYBL1 (inferredBy_MotifSimilarity). "
"DC_Gen3_Module","cisbp__M5115",3.22,0.0943,"TCF12; TCF3; TCF4 (inferredBy_Orthology). ","SCRT1 (inferredBy_MotifSimilarity). ATOH8; SCRT2 (inferredBy_MotifSimilarity_n_Orthology). "
"DC_Gen3_Module","cisbp__M4597",3.22,0.0943,"ATF3 (directAnnotation). ","ARNT; CREB3L4; MITF; NFE2; SREBF1; SREBF2; TFE3; USF1; USF2 (inferredBy_MotifSimilarity). "
"DC_Gen3_Module","stark__RACASCTGY",3.22,0.0943,"ASCL1; ASCL2 (inferredBy_Orthology). ",""
"DC_Gen3_Module","cisbp__M1756",3.22,0.0943,"",""
"DC_Gen3_Module","predrem__nrMotif2388",3.22,0.0943,"",""
"DC_Gen3_Module","predrem__nrMotif2337",3.22,0.0943,"",""
"DC_Gen3_Module","cisbp__M6053",3.21,0.0941,"MLX (inferredBy_Orthology). ","ARNT; BHLHE40; BHLHE41; MLXIPL; SREBF1; SREBF2; TFE3; TFEB; TFEC; USF1 (inferredBy_MotifSimilarity). "
"DC_Gen3_Module","swissregulon__sacCer__TEA1",3.21,0.094,"",""
"DC_Gen3_Module","scertf__spivak.TYE7",3.21,0.094,"","ARNT; ARNTL; ATF3; BHLHE40; BHLHE41; MLX; MLXIPL; NFE2; SREBF1; SREBF2; TFE3; TFEB; TFEC; USF1; USF2 (inferredBy_MotifSimilarity). ARNTL2; HELT; MITF (inferredBy_MotifSimilarity_n_Orthology). "
"DC_Gen3_Module","yetfasco__YLR278C_2112",3.2,0.0939,"",""
"DC_Gen3_Module","taipale_cyt_meth__USF1_MNCACGTGAYN_FL",3.2,0.0939,"USF1 (directAnnotation). ","ATF3; BACH1; BHLHE40; TFEB; TFEC; USF2 (inferredBy_MotifSimilarity). ARNTL; TFE3 (inferredBy_MotifSimilarity_n_Orthology). "
"DC_Gen3_Module","dbcorrdb__BHLHE40__ENCSR000EDT_1__m1",3.2,0.0939,"BHLHE40 (directAnnotation). ","ARNT2; ARNTL; ATF3; BHLHE41; BRF1; CREB1; CTCF; E2F6; ELK1; EZH2; HDAC2; HES2; MAX; MXI1; MYC; NELFE; NFE2; POLR2A; SIN3A; SMARCA4; SP4; USF1; USF2; XRCC4; ZMIZ1 (inferredBy_MotifSimilarity). ARNT; ARNTL2 (inferredBy_MotifSimilarity_n_Orthology). "
"DC_Gen3_Module","cisbp__M5633",3.2,0.0938,"MLXIPL (directAnnotation). ","ARNT; BHLHE40; BHLHE41; MLX; SREBF1; SREBF2; TFE3; TFEB; TFEC; USF1 (inferredBy_MotifSimilarity). MLXIP (inferredBy_MotifSimilarity_n_Orthology). "
"DC_Gen3_Module","dbcorrdb__REST__ENCSR000BOT_1__m1",3.2,0.0938,"REST (directAnnotation). ","SP2; THAP1; YY1 (inferredBy_MotifSimilarity). "
"DC_Gen3_Module","hocomoco__SNAI2_MOUSE.H11MO.0.A",3.2,0.0938,"SNAI2 (inferredBy_Orthology). ","SNAI1; SNAI3 (inferredBy_MotifSimilarity). TCF3 (inferredBy_MotifSimilarity_n_Orthology). "
"DC_Gen3_Module","flyfactorsurvey__luna_SANGER_5_FBgn0040765",3.2,0.0938,"KLF6; KLF7 (inferredBy_Orthology). ","KLF12; KLF3; KLF8; SP4; SP6; SP7; SP8; SP9 (inferredBy_MotifSimilarity_n_Orthology). "
"DC_Gen3_Module","jaspar__MA0590.1",3.19,0.0936,"",""
"DC_Gen3_Module","elemento__CGCGTGAC",3.18,0.0934,"",""
"DC_Gen3_Module","taipale__USF1_DBD_RTCACGTGAY",3.18,0.0934,"USF1 (directAnnotation). ","ARNT; ARNTL; ATF3; BACH1; BHLHE40; BHLHE41; MAX; MITF; MLX; MLXIPL; NFE2; SREBF1; SREBF2; TFE3; TFEB; TFEC; USF2 (inferredBy_MotifSimilarity). ARNTL2; HELT (inferredBy_MotifSimilarity_n_Orthology). "
"DC_Gen3_Module","elemento__CGCCGCG",3.18,0.0934,"",""
"DC_Gen3_Module","homer__GTCACGTGGT_Usf2",3.18,0.0933,"USF2 (inferredBy_Orthology). ","BACH1; MAX; MXI1; TFE3; TFEB; TFEC; USF1 (inferredBy_MotifSimilarity). "
"DC_Gen3_Module","taipale_tf_pairs__ELK1_PAX5_RSCGGAACYACGCWYSANTG_CAP_repr",3.18,0.0933,"ELK1; PAX5 (directAnnotation). ",""
"DC_Gen3_Module","transfac_pro__M01850",3.18,0.0933,"",""
"DC_Gen3_Module","cisbp__M2383",3.17,0.0932,"",""
"DC_Gen3_Module","cisbp__M4483",3.17,0.0932,"ZEB1 (directAnnotation). ",""
"DC_Gen3_Module","transfac_pro__M04647",3.17,0.0931,"FOXR1 (directAnnotation). ",""
"DC_Gen3_Module","cisbp__M5632",3.17,0.0931,"MLX (directAnnotation). ","ARNT; BHLHE40; BHLHE41; MLXIPL; SREBF1; SREBF2; TFE3; TFEB; TFEC; USF1 (inferredBy_MotifSimilarity). "
"DC_Gen3_Module","transfac_pro__M07637",3.17,0.093,"ARNTL; ARNTL2 (inferredBy_Orthology). ","ARNT; ARNT2; ATF3; BACH1; BHLHE40; BHLHE41; NFE2; SREBF1; SREBF2; TFE3; TFEB; TFEC; USF1; USF2 (inferredBy_MotifSimilarity). HELT; MITF (inferredBy_MotifSimilarity_n_Orthology). "
"DC_Gen3_Module","dbcorrdb__ZNF143__ENCSR000ECO_1__m1",3.17,0.093,"ZNF143 (directAnnotation). ","EGR1; ETS1; HCFC1; SETDB1; SIX5; ZNF76 (inferredBy_MotifSimilarity). "
"DC_Gen3_Module","dbcorrdb__SP4__ENCSR000BQV_1__m1",3.17,0.093,"SP4 (directAnnotation). ","ATF3; BHLHE40; E2F6; MAX; MYC; NFE2; USF1; USF2 (inferredBy_MotifSimilarity). "
"DC_Gen3_Module","cisbp__M0363",3.16,0.0929,"","ATF6; ATF6B; CREB3; CREB3L1; CREB3L2; CREB3L4; XBP1 (inferredBy_MotifSimilarity). "
"DC_Gen3_Module","cisbp__M5943",3.16,0.0929,"USF1 (directAnnotation). ","ARNT; ARNTL; ATF3; BACH1; BHLHE40; BHLHE41; MITF; MLX; MLXIPL; NFE2; SREBF1; SREBF2; TFE3; TFEB; TFEC; USF2 (inferredBy_MotifSimilarity). ARNTL2; HELT (inferredBy_MotifSimilarity_n_Orthology). "
"DC_Gen3_Module","predrem__nrMotif2435",3.16,0.0928,"",""
"DC_Gen3_Module","taipale_cyt_meth__BHLHE41_GTCACGTGAC_eDBD_meth",3.16,0.0928,"BHLHE41 (directAnnotation). ","ARNT; ARNT2; ARNTL; ATF3; BACH1; BHLHE40; CLOCK; MITF; MLX; MLXIPL; NFE2; SREBF1; SREBF2; TFE3; TFEB; TFEC; USF1; USF2 (inferredBy_MotifSimilarity). ARNTL2; HELT (inferredBy_MotifSimilarity_n_Orthology). "
"DC_Gen3_Module","cisbp__M0244",3.15,0.0927,"","BACH1; TFE3 (inferredBy_MotifSimilarity). BHLHE40; TFEB (inferredBy_MotifSimilarity_n_Orthology). "
"DC_Gen3_Module","tfdimers__MD00125",3.15,0.0926,"ARID3A; FOS; FOSB; FOSL1; FOSL2; JUN; JUNB; JUND (directAnnotation). ",""
"DC_Gen3_Module","cisbp__M6160",3.15,0.0926,"BHLHE40 (directAnnotation). ","ARNT2; ARNTL; ATF3; BHLHE41; CLOCK; SIRT6 (inferredBy_MotifSimilarity). ARNT; ARNTL2 (inferredBy_MotifSimilarity_n_Orthology). "
"DC_Gen3_Module","taipale_cyt_meth__BHLHE40_GTCACGTGAC_eDBD_meth_repr",3.15,0.0926,"BHLHE40 (directAnnotation). ","ARNT; ARNT2; ARNTL; ATF3; BACH1; BHLHE41; CLOCK; MITF; MLX; NFE2; SREBF1; SREBF2; TFE3; TFEB; TFEC; USF1; USF2 (inferredBy_MotifSimilarity). ARNTL2; HELT (inferredBy_MotifSimilarity_n_Orthology). "
"DC_Gen3_Module","taipale_cyt_meth__DMRTA2_NNTTGWTACATT_eDBD_meth",3.14,0.0924,"DMRTA2 (directAnnotation). ","DMRT1; DMRT2; DMRT3; DMRTA1; DMRTC2 (inferredBy_MotifSimilarity). "
"DC_Gen3_Module","cisbp__M4151",3.14,0.0924,"ZBTB6 (directAnnotation). ",""
"DC_Gen3_Module","hocomoco__BHE40_MOUSE.H11MO.0.A",3.14,0.0924,"BHLHE40 (inferredBy_Orthology). ","ARNT2; ARNTL; ATF3; BHLHE41; CLOCK (inferredBy_MotifSimilarity). ARNT (inferredBy_MotifSimilarity_n_Orthology). "
"DC_Gen3_Module","predrem__nrMotif1377",3.14,0.0923,"",""
"DC_Gen3_Module","cisbp__M5263",3.13,0.0923,"USF1; USF2 (inferredBy_Orthology). ","MAX; MXI1; TFE3; TFEB (inferredBy_MotifSimilarity). "
"DC_Gen3_Module","cisbp__M5309",3.13,0.0923,"BHLHE41 (directAnnotation). ","ARNT; ARNT2; ARNTL; ATF3; BACH1; BHLHE40; CLOCK; MITF; MLX; MLXIPL; NFE2; SREBF1; SREBF2; TFE3; TFEB; TFEC; USF1; USF2 (inferredBy_MotifSimilarity). ARNTL2; HELT (inferredBy_MotifSimilarity_n_Orthology). "
"DC_Gen3_Module","predrem__nrMotif1773",3.13,0.0923,"",""
"DC_Gen3_Module","taipale_cyt_meth__SREBF1_NTCACGTGAN_eDBD",3.13,0.0921,"SREBF1 (directAnnotation). ","ARNT; ARNTL; ATF3; BHLHE40; BHLHE41; MLX; MLXIPL; NFE2; SREBF2; TFE3; TFEB; TFEC; USF1; USF2 (inferredBy_MotifSimilarity). ARNTL2; HELT; MITF (inferredBy_MotifSimilarity_n_Orthology). "
"DC_Gen3_Module","transfac_pro__M02780",3.13,0.0921,"MYBL1 (inferredBy_Orthology). ","MYBL2 (inferredBy_MotifSimilarity). MYB (inferredBy_MotifSimilarity_n_Orthology). "
"DC_Gen3_Module","dbcorrdb__BDP1__ENCSR000DNX_1__m2",3.11,0.0918,"BDP1 (directAnnotation). ",""
"DC_Gen3_Module","taipale_cyt_meth__BHLHE41_GTCACGTGAC_eDBD",3.11,0.0918,"BHLHE41 (directAnnotation). ","ARNT; ARNT2; ARNTL; ATF3; BACH1; BHLHE40; CLOCK; MITF; MLX; NFE2; SREBF1; SREBF2; TFE3; TFEB; TFEC; USF1; USF2 (inferredBy_MotifSimilarity). ARNTL2; HELT (inferredBy_MotifSimilarity_n_Orthology). "
"DC_Gen3_Module","transfac_pro__M07667",3.11,0.0917,"CREBL2 (inferredBy_Orthology). ","ATF1; ATF2; ATF3; ATF4; ATF5; ATF6; ATF6B; ATF7; BATF3; CREB1; CREB3; CREB3L4; CREB5; CREM; FOS; FOSB; FOSL1; FOSL2; HLF; JDP2; JUN; JUNB; JUND; TEF; XBP1 (inferredBy_MotifSimilarity). BACH1; BACH2; CREB3L1; CREB3L2; DBP; NFE2; NFE2L1; NFE2L2; NFE2L3; NFIL3; NPDC1; ZNF250 (inferredBy_MotifSimilarity_n_Orthology). "
"DC_Gen3_Module","transfac_public__M00069",3.11,0.0916,"YY1 (directAnnotation). ","TAF1; THAP1 (inferredBy_MotifSimilarity). "
"DC_Gen3_Module","dbcorrdb__TRIM28__ENCSR000EUZ_1__m9",3.11,0.0916,"TRIM28 (directAnnotation). ",""
"DC_Gen3_Module","taipale_cyt_meth__MLX_NCACGTGN_eDBD_repr",3.1,0.0915,"MLX (directAnnotation). ","BHLHE40; BHLHE41 (inferredBy_MotifSimilarity). ARNT; ARNT2; ARNTL; ARNTL2; MIOS (inferredBy_MotifSimilarity_n_Orthology). "
"DC_Gen3_Module","cisbp__M5866",3.1,0.0915,"SREBF2 (directAnnotation). ","ARNT; ATF3; BACH1; BHLHE40; BHLHE41; MLX; MLXIPL; NFE2; SREBF1; TFE3; TFEB; TFEC; USF1; USF2 (inferredBy_MotifSimilarity). HELT; MITF (inferredBy_MotifSimilarity_n_Orthology). "
"DC_Gen3_Module","transfac_pro__M09027",3.1,0.0915,"",""
"DC_Gen3_Module","transfac_pro__M01551",3.1,0.0915,"",""
"DC_Gen3_Module","dbcorrdb__ATF3__ENCSR000BKC_1__m1",3.1,0.0914,"ATF3 (directAnnotation). ","ARNTL; ATF1; ATF2; BHLHE40; BHLHE41; BRCA1; CEBPD; CREB1; CREB3; CREB3L4; E2F6; EZH2; FOXP2; JUND; MAX; MITF; MXI1; MYC; NFE2; SAP30; SMARCC2; SP4; SREBF1; SREBF2; TFE3; TFEB; USF1; USF2 (inferredBy_MotifSimilarity). ARNTL2; TFEC (inferredBy_MotifSimilarity_n_Orthology). "
"DC_Gen3_Module","transfac_pro__M00372",3.1,0.0914,"",""
"DC_Gen3_Module","predrem__nrMotif168",3.1,0.0913,"",""
"DC_Gen3_Module","swissregulon__sacCer__TYE7",3.1,0.0913,"","ARNT; ARNTL; ATF3; BHLHE40; BHLHE41; MLX; MLXIPL; NFE2; SREBF1; SREBF2; TFE3; TFEB; TFEC; USF1; USF2 (inferredBy_MotifSimilarity). ARNTL2; HELT (inferredBy_MotifSimilarity_n_Orthology). "
"DC_Gen3_Module","cisbp__M5098",3.09,0.0912,"KLF6; KLF7 (inferredBy_Orthology). ","KLF12; KLF14; KLF2; KLF3; KLF4; KLF5; KLF9 (inferredBy_MotifSimilarity). KLF17; KLF18; KLF8; SP1; SP2; SP3; SP4; SP6; SP7; SP8; SP9 (inferredBy_MotifSimilarity_n_Orthology). "
"DC_Gen3_Module","predrem__nrMotif272",3.09,0.0912,"",""
"DC_Gen3_Module","yetfasco__YMR019W_2107",3.09,0.0912,"",""
"DC_Gen3_Module","predrem__nrMotif1775",3.09,0.0912,"",""
"DC_Gen3_Module","cisbp__M0233",3.09,0.0911,"","ARNT; ARNTL; ATF3; BACH1; BHLHE40; BHLHE41; MLX; MLXIPL; NFE2; SREBF1; SREBF2; TFE3; TFEB; TFEC; USF1; USF2 (inferredBy_MotifSimilarity). ARNTL2; HELT; MITF (inferredBy_MotifSimilarity_n_Orthology). "
"DC_Gen3_Module","taipale__MLX_full_ATCACGTGAT",3.09,0.0911,"MLX (directAnnotation). ","ARNT; BHLHE40; BHLHE41; MLXIPL; SREBF1; SREBF2; TFE3; TFEB; TFEC; USF1 (inferredBy_MotifSimilarity). "
"DC_Gen3_Module","transfac_pro__M00369",3.08,0.0908,"","ARNT; ARNT2; ATF6B; BHLHE40; CREB3; CREB3L1; CREB3L4; MAX; MYC; USF1; USF2 (inferredBy_MotifSimilarity). ATF6; CREB3L2 (inferredBy_MotifSimilarity_n_Orthology). "
"DC_Gen3_Module","hocomoco__ATF3_HUMAN.H11MO.0.A",3.07,0.0907,"ATF3 (directAnnotation). ","ARNT; BHLHE40; BHLHE41; MITF; NFE2; SREBF1; SREBF2; TFE3; TFEB; TFEC; USF1; USF2 (inferredBy_MotifSimilarity). HELT (inferredBy_MotifSimilarity_n_Orthology). "
"DC_Gen3_Module","c2h2_zfs__M5184",3.07,0.0906,"KLF12 (inferredBy_Orthology). ","KLF14; KLF2; KLF3; KLF4; KLF5; KLF6; SP4 (inferredBy_MotifSimilarity). KLF7; KLF8 (inferredBy_MotifSimilarity_n_Orthology). "
"DC_Gen3_Module","taipale__SREBF2_DBD_RTCACGTGAY",3.06,0.0905,"SREBF2 (directAnnotation). ","ARNT; ATF3; BACH1; BHLHE40; BHLHE41; MLX; MLXIPL; NFE2; SREBF1; TFE3; TFEB; TFEC; USF1; USF2 (inferredBy_MotifSimilarity). HELT; MITF (inferredBy_MotifSimilarity_n_Orthology). "
"DC_Gen3_Module","jaspar__MA0060.2",3.06,0.0905,"NFYA (directAnnotation). ","E2F4; FOS; IRF3; NFYB; NFYC; YBX1 (inferredBy_MotifSimilarity). POLE3 (inferredBy_MotifSimilarity_n_Orthology). "
"DC_Gen3_Module","cisbp__M0238",3.06,0.0904,"","ARNT; BHLHE40; BHLHE41; MAX; MLX; MLXIPL; SREBF1; SREBF2; TFE3; TFEB; TFEC; USF1 (inferredBy_MotifSimilarity). "
"DC_Gen3_Module","predrem__nrMotif935",3.06,0.0904,"",""
"DC_Gen3_Module","transfac_public__M00085",3.05,0.0903,"ZBTB6 (directAnnotation). ",""
"DC_Gen3_Module","transfac_pro__M05670",3.05,0.0903,"ZNF37A (directAnnotation). ",""
"DC_Gen3_Module","elemento__AAAAATA",3.05,0.0903,"",""
"DC_Gen3_Module","cisbp__M4596",3.05,0.0902,"MAX (directAnnotation). ","ARNT; ARNT2; ASCL1; ATF3; BACH1; BHLHE40; BHLHE41; E2F6; HAND1; HAND2; MITF; MXD1; MXD3; MXD4; MXI1; MYC; MYCN; MYF5; MYF6; MYOD1; MYOG; NFE2; NHLH1; SAP30; TAL1; TAL2; TCF12; TCF3; TCF4; TFE3; TFEB; TFF3; USF1; USF2 (inferredBy_MotifSimilarity). TFEC (inferredBy_MotifSimilarity_n_Orthology). "
"DC_Gen3_Module","swissregulon__hs__ZBTB6.p2",3.05,0.0902,"ZBTB6 (directAnnotation). ",""
"DC_Gen3_Module","transfac_pro__M00370",3.04,0.09,"","CREB3L1; USF1; USF2 (inferredBy_MotifSimilarity). CREB3L2 (inferredBy_MotifSimilarity_n_Orthology). "
"DC_Gen3_Module","taipale_cyt_meth__GFI1_NMAATCACNGCNNNNCACTMN_eDBD_meth",3.04,0.0899,"GFI1 (directAnnotation). ","GFI1B (inferredBy_MotifSimilarity). "
"DC_Gen3_Module","cisbp__M6376",3.03,0.0899,"NKX2-5 (directAnnotation). ","NKX2-3 (inferredBy_MotifSimilarity). NKX2-8 (inferredBy_MotifSimilarity_n_Orthology). "
"DC_Gen3_Module","jaspar__MA1074.1",3.03,0.0899,"","USF1 (inferredBy_MotifSimilarity). "
"DC_Gen3_Module","transfac_pro__M00305",3.03,0.0898,"",""
"DC_Gen3_Module","transfac_pro__M01794",3.03,0.0898,"","ARNT; ATF3; BACH1; BHLHE40; BHLHE41; CLOCK; MLX; MLXIPL; SREBF1; SREBF2; TFE3; TFEB; TFEC; USF1; USF2 (inferredBy_MotifSimilarity). ARNT2; ARNTL; ARNTL2; MLXIP (inferredBy_MotifSimilarity_n_Orthology). "
"DC_Gen3_Module","transfac_pro__M01088",3.03,0.0897,"DEAF1 (inferredBy_Orthology). ",""
"DC_Gen3_Module","flyfactorsurvey__wor_SOLEXA_2.5_FBgn0001983",3.03,0.0897,"SNAI1; SNAI2; SNAI3 (inferredBy_Orthology). ","MYOD1 (inferredBy_MotifSimilarity). ASCL1; ASCL2; TCF12; TCF3; TCF4 (inferredBy_MotifSimilarity_n_Orthology). "
"DC_Gen3_Module","transfac_pro__M04720",3.03,0.0897,"BHLHE40 (directAnnotation). ","ARNT; ARNT2; ARNTL; ATF3; BHLHE41; CLOCK; MITF; MLX; NFE2; SREBF1; SREBF2; TFE3; TFEB; USF2 (inferredBy_MotifSimilarity). ARNTL2; HELT (inferredBy_MotifSimilarity_n_Orthology). "
"DC_Gen3_Module","taipale__Mlx_DBD_ATCACGTGAT",3.02,0.0896,"MLX (inferredBy_Orthology). ","ARNT; BHLHE40; BHLHE41; MLXIPL; SREBF1; SREBF2; TFE3; TFEB; TFEC; USF1 (inferredBy_MotifSimilarity). "
"DC_Gen3_Module","stark__CACTTRA",3.02,0.0896,"","NKX2-5 (inferredBy_MotifSimilarity). NKX2-8 (inferredBy_MotifSimilarity_n_Orthology). "
"DC_Gen3_Module","cisbp__M4207",3.02,0.0896,"",""
"DC_Gen3_Module","tiffin__TIFDMEM0000021",3.02,0.0895,"",""
"DC_Gen3_Module","transfac_pro__M06529",3.02,0.0894,"ZNF596 (directAnnotation). ",""
"DC_Gen3_Module","elemento__CACTTGA",3.02,0.0894,"",""
"DC_Gen3_Module","swissregulon__hs__SREBF1_2.p2",3.01,0.0894,"SREBF1; SREBF2 (directAnnotation). ","ARNT; ARNT2; ARNTL; ATF3; BACH1; BHLHE40; BHLHE41; MITF; MLX; MLXIPL; NFE2; TFE3; TFEB; TFEC; USF1; USF2 (inferredBy_MotifSimilarity). ARNTL2; HELT (inferredBy_MotifSimilarity_n_Orthology). "
"DC_Gen3_Module","transfac_pro__M05724",3.01,0.0894,"ZSCAN21 (inferredBy_Orthology). ",""
"DC_Gen3_Module","stark__CAGGTG",3.01,0.0894,"SNAI1; SNAI2; SNAI3 (inferredBy_Orthology). ",""
"DC_Gen3_Module","predrem__nrMotif102",3.01,0.0894,"",""
"DC_Gen3_Module","cisbp__M2322",3.01,0.0893,"USF2 (directAnnotation). ","ARNT; ARNTL; ATF3; BHLHE40; BHLHE41; MITF; NFE2; SREBF1; SREBF2; TFE3; TFEB; TFEC; USF1 (inferredBy_MotifSimilarity). "
"DC_Gen3_Module","transfac_pro__M01968",3.01,0.0892,"FOXO1 (directAnnotation). ",""
"DC_Gen3_Module","tfdimers__MD00317",3,0.0891,"MYB; TP53; TP63; TP73 (directAnnotation). ",""
